transaction_id,transaction_date,transaction_time,customer_name,item_purchased,quantity,unit_price,total_price,payment_method,employee_name
1,2022-03-06,6:23 AM,Tawsha Kleyn,Portable Camping Shower,29,9.72,48.0,Mobile Payment,Coleen Duckels
2,2022-03-22,7:24 AM,Corny Breffitt,Electric Razor,32,1.54,12.2,Mobile Payment,Doretta Albrooke
3,2022-01-24,9:14 AM,Granny Duerden,Homestyle Chicken Noodle Soup,97,9.5,59.51,Credit Card,Robbie Precious
4,2022-03-19,9:18 AM,Marylou Jelf,Honey Mustard Dip,41,5.78,36.85,Mobile Payment,Rorie Duffet
5,2022-03-04,6:41 AM,Onfre Gooderidge,DIY Lip Balm Making Kit,36,9.38,38.08,Cash,Elysha Featherbie
6,2022-03-16,10:22 PM,Nessi Rawle,Weighted Blanket,52,1.3,45.16,Cash,Hymie Courtliff
7,2022-02-25,10:18 PM,Blythe Sandwich,Watercolor Set,29,8.76,77.93,Credit Card,Cornie Blueman
8,2022-02-15,3:16 AM,Hodge Tellesson,Gardening Fairy Figurines,42,6.25,89.51,Credit Card,Farlie Skydall
9,2022-02-03,1:39 PM,Maud Andrey,Pasta Portion Control Measure,42,9.3,50.91,Mobile Payment,Shaine Balls
10,2022-02-12,7:58 PM,Georgia Filoniere,Savory Snack Mix,89,5.45,57.51,Cash,Ethelda Tithecote
11,2022-03-05,1:24 AM,Garv Fisby,Outdoor Adventure Backpack,13,1.84,23.77,Mobile Payment,Shelley Lippett
12,2022-01-21,8:23 PM,Olimpia Ivanshintsev,Spinach Artichoke Dip,57,7.69,19.63,Credit Card,Carolee Bunn
13,2022-03-25,9:39 AM,Anders Beynkn,Ultra-Thin Laptop Sleeve,7,4.64,90.05,Credit Card,Kayla Maykin
14,2022-02-24,3:15 PM,Nadean Andreopolos,Inspirational Wall Art,30,9.43,33.78,Mobile Payment,Fanny L' Estrange
15,2022-01-03,11:29 PM,Talya Paute,Oatmeal Raisin Cookies,99,3.3,70.36,Mobile Payment,Chantal Petrakov
16,2022-02-04,6:57 AM,Padget Rablan,Pasta (Linguine),67,1.31,39.41,Cash,Maridel Mathouse
17,2022-01-02,12:18 AM,Mirabella Gravenor,Garlic Herb Seasoning,29,5.62,81.47,Cash,Merla Konke
18,2022-01-22,2:23 PM,Marielle Litchfield,Mini Indoor Herb Garden Kit,72,9.51,62.05,Mobile Payment,Johna Baylie
19,2022-01-06,4:43 AM,Cesaro Flacknoe,Bluetooth Tracker,62,4.87,16.01,Mobile Payment,Alexandrina Insworth
20,2022-01-27,12:54 AM,Yolanda Mattin,Electric Pressure Washer,67,4.43,43.06,Mobile Payment,Allis Manners
21,2022-01-15,11:27 AM,Merrill Hessle,Cinnamon Spiced Almonds,50,8.64,20.37,Mobile Payment,Cinnamon Meale
22,2022-01-31,12:53 AM,Mellicent Foulcher,Robot Vacuum Cleaner,47,7.28,77.09,Cash,Veronike Killingworth
23,2022-02-08,4:13 AM,Catie M'Quharge,Cheddar & Bacon Potato Skins,90,7.64,5.29,Cash,Rivalee Kelley
24,2022-01-30,11:35 PM,Tricia Broadstock,Plant-Based Meal Prep Containers,66,8.15,32.69,Credit Card,Carlee Hultberg
25,2022-01-10,10:12 PM,Brent Wheal,Garden Kneeler and Seat,66,7.26,85.71,Credit Card,Carole Houdmont
26,2022-03-10,4:55 PM,Bea Stow,Casual Sneakers,65,6.31,39.77,Credit Card,Clotilda Feehely
27,2022-02-26,8:12 AM,Alon Antrag,LED Desk Lamp,48,3.19,8.67,Mobile Payment,Emlyn Struthers
28,2022-01-18,9:50 PM,Melvyn Sawdon,Balsamic Vinaigrette,52,8.95,56.47,Cash,Lina Baughn
29,2022-02-02,8:39 AM,Rollin Eddisford,Honey BBQ Riblets,54,4.98,99.68,Credit Card,Malvin Oby
30,2022-02-07,7:37 PM,Tallia Mattioli,Almond Joy Bars,32,3.57,98.56,Cash,Dede Bratcher
31,2022-01-19,1:29 PM,Lauri Ventom,Dark Chocolate Bars,86,4.58,22.19,Credit Card,Nestor Berens
32,2022-01-12,1:28 PM,Damaris Rohlf,Veggie Chips Variety Pack,85,5.78,13.45,Credit Card,Willette Figgess
33,2022-01-04,10:49 AM,Rustie Romaine,Honey Mustard Dip,78,8.15,43.59,Credit Card,Armand Baber
34,2022-01-31,6:25 AM,Micah Rowlatt,Foam Building Blocks for Kids,76,7.59,88.97,Mobile Payment,Alyosha De Courtney
35,2022-01-05,4:07 PM,Jarrid Urian,Rechargeable Electric Toothbrush,83,9.38,15.2,Cash,Rob Olifaunt
36,2022-02-18,3:35 PM,Tracy Cracknall,Customizable Photo Calendar,22,7.3,89.11,Cash,Eda Reasce
37,2022-01-05,1:41 PM,Annice Chate,Children's Gardening Set,81,5.23,12.27,Mobile Payment,Crissie Nafziger
38,2022-03-03,2:11 AM,Roxie Hinnerk,Flavored Popcorn Mix,93,2.37,57.81,Mobile Payment,Darla Moggach
39,2022-01-07,6:56 PM,Ruby Cowey,Roasted Chickpeas,94,1.41,16.79,Credit Card,Karisa Benza
40,2022-03-23,3:58 PM,Melanie Dalligan,Electric Stool Heater,80,3.92,74.48,Mobile Payment,Beilul Doctor
41,2022-03-20,2:22 AM,Randi Oxtarby,Laptop Stand,62,1.15,64.74,Cash,Benedikt Courtier
42,2022-01-25,8:41 PM,Cherilyn Duetsche,Mayonnaise,78,3.56,19.67,Credit Card,Mollie Spavon
43,2022-02-11,6:01 PM,Emmy Simka,Travel Size Toiletry Bottles,69,1.68,15.47,Cash,Chelsy Beville
44,2022-01-19,2:41 PM,Wynn Dunnaway,Basmati Rice,30,4.41,62.44,Cash,Susanne Geldeford
45,2022-03-28,6:53 AM,Axel Preshaw,LED Strip Lights Kit,22,1.26,88.61,Mobile Payment,Stanly Swede
46,2022-02-06,4:32 AM,Galina Bulger,Pet Grooming Gloves,48,5.08,98.38,Mobile Payment,Cooper Corke
47,2022-01-20,12:12 AM,Aloisia Streather,Water-Resistant Bluetooth Speaker,30,1.5,21.91,Mobile Payment,Dasie Videneev
48,2022-02-06,10:54 PM,Ariella Gilchriest,Smartphone Photography Ring Light,41,1.53,41.49,Mobile Payment,Scot Goodbanne
49,2022-01-01,1:39 AM,Adrian Walstow,Pumpkin Pie Spice,23,3.4,86.05,Credit Card,Zorah Chillistone
50,2022-01-21,12:48 PM,Charmaine Sproson,Vegetarian Sausage Links,93,9.48,38.34,Cash,Em Abdon
51,2022-02-08,4:37 PM,Harmonia Havelin,Fashionable Belt Bag,85,4.26,63.75,Cash,Gilli MacRierie
52,2022-01-27,10:04 AM,Marinna O'Cleary,Terry Cloth Robe,79,1.59,79.68,Mobile Payment,Esma Golling
53,2022-02-09,3:49 PM,Sue Dainter,Mediterranean Flatbread,100,6.38,39.49,Cash,Dorelia Woltering
54,2022-01-08,7:41 PM,Alasdair Matusson,Pet Travel Bed,41,2.08,69.07,Cash,Gretchen Warton
55,2022-01-10,4:30 AM,Dorelle Harce,Chewy Granola Bars,72,4.92,86.64,Cash,Beatrix Measen
56,2022-02-01,9:01 AM,Emanuel Sharphurst,Sliced Bread,74,4.3,71.35,Cash,Antonio Lamar
57,2022-01-26,4:50 AM,Elbertine Spary,Black Bean Spaghetti,21,5.99,6.37,Mobile Payment,Harlie Ciotto
58,2022-01-29,8:10 AM,Leonelle Tracey,Lemonade Mix,14,6.19,40.14,Mobile Payment,Cheslie Doodney
59,2022-02-23,9:48 AM,Polly Jamot,Silicone Baking Mats,2,4.27,12.06,Mobile Payment,Helen-elizabeth Gadd
60,2022-02-26,3:23 AM,Elianore Geratt,Handcrafted Wooden Coasters,90,5.14,77.27,Cash,Avictor Thurnham
61,2022-01-02,4:26 PM,Lyell Tucsell,Tortilla Chips,6,3.23,98.65,Cash,Maude Hedan
62,2022-03-20,7:51 AM,Gar Dils,Portable Bluetooth Keyboard,59,7.72,65.51,Mobile Payment,Anne-marie Cabrer
63,2022-01-11,8:39 PM,Trudey Florio,Tofu,27,1.07,60.35,Credit Card,Charisse Calvard
64,2022-03-15,10:33 PM,Roby Toone,Asian Stir-Fry Kit,4,2.73,42.61,Credit Card,Nolly Corde
65,2022-01-23,12:53 PM,Sallyanne Nornable,Oven-Baked Cheese Crisps,14,3.57,86.82,Credit Card,Donovan Croucher
66,2022-01-05,7:35 AM,Scarface Sexty,Chili Lime Shrimp,4,4.68,56.48,Cash,Astrid Casillas
67,2022-01-15,8:58 PM,Trina Sarrell,Voice-Controlled Speaker,9,3.24,10.23,Credit Card,Nona Spurdle
68,2022-03-14,1:03 AM,Shaylynn Stidworthy,Creative Puzzle Game,49,7.77,38.43,Mobile Payment,Brinn Bachelor
69,2022-02-07,12:59 PM,Dasya Boswell,Fitness Tracker Watch,84,4.38,42.78,Credit Card,Silvester Fudge
70,2022-01-27,11:08 AM,Salome Pegden,Frozen Fruit Medley,32,9.9,42.55,Mobile Payment,Tris Nannizzi
71,2022-02-04,7:01 PM,Colline Wolfenden,Puzzle Game Set,78,7.7,82.49,Credit Card,Gusta Swaffer
72,2022-03-20,5:45 AM,Walker Noore,Compact Electric Kettle,20,7.84,11.23,Credit Card,Washington Stallan
73,2022-02-24,10:38 PM,Matilda Smethurst,Snack Container Set,82,6.19,20.73,Cash,Rosabelle Oman
74,2022-01-20,9:23 AM,Colette LLelweln,Personal Blender with Travel Lid,93,7.13,46.22,Cash,Jesse Josephi
75,2022-03-04,5:24 PM,Florinda Redparth,Dark Chocolate Tart,69,7.23,51.57,Mobile Payment,Kerr Poinsett
76,2022-01-08,6:04 AM,Andris Jewster,Sliced Avocado,87,3.67,16.38,Credit Card,Nessy Fryer
77,2022-03-17,9:32 AM,Theresa Whiteley,Fitness Resistance Bands Kit,42,6.3,27.44,Mobile Payment,Lucius Petrovykh
78,2022-01-14,7:40 AM,Carrol Dionisi,Coffee Subscription Service,96,3.91,44.09,Mobile Payment,Cinnamon Kalberer
79,2022-01-23,9:30 AM,Rory Savege,Sweet Potato Chips,88,1.14,19.79,Mobile Payment,Innis Marcoolyn
80,2022-02-09,5:11 AM,Lyn Boleyn,Cocktail Shaker and Mixing Glass Set,5,9.56,57.6,Cash,Rip Stockin
81,2022-02-06,8:41 PM,Charlean Arzu,Wireless Smart Plug,99,5.18,18.5,Cash,Ashien McGraw
82,2022-02-26,12:08 PM,Patrice Patington,Vegetable Sushi Rolls,95,8.24,23.48,Cash,Husein Roset
83,2022-02-07,1:06 PM,Emery Glaum,Pet Reflective Vest,82,1.62,12.44,Mobile Payment,Ilise Corran
84,2022-03-08,9:31 PM,Shaina Guyet,Herb Garden Planter Box,45,7.01,47.42,Cash,Foss Kenson
85,2022-02-06,9:18 PM,Juli Sewter,Vanilla Bean Greek Yogurt,44,2.65,91.92,Credit Card,Milissent MacCartney
86,2022-01-16,5:08 AM,Joanna Tombling,Sweet Potato Chips,85,4.02,31.23,Credit Card,Asia Walklot
87,2022-03-29,9:44 PM,Terry Verchambre,Coconut Cream Pie Mix,35,7.74,71.71,Credit Card,Silvie Choppen
88,2022-03-01,9:22 AM,Dudley Desvignes,Mini Meatballs,24,8.23,89.68,Cash,Kirsti McAvey
89,2022-01-12,9:06 AM,Erma Ainsby,Beef Taco Skillet,65,3.43,82.22,Credit Card,Hillyer Sheards
90,2022-02-18,8:05 AM,Ashton Spurdens,Electric Pressure Washer,90,4.73,26.8,Cash,Dorita Arnaldo
91,2022-03-06,2:20 PM,Tobi Youings,Sriracha Hot Chili Sauce,37,5.75,7.5,Credit Card,Herb Twelvetree
92,2022-03-11,1:07 AM,Rahal Bainbrigge,Eco-Friendly Beeswax Wraps,51,3.78,31.25,Mobile Payment,Margaret Elloy
93,2022-01-31,2:49 AM,Doralynn Cornilli,Safety Goggles,2,4.95,64.87,Credit Card,Maryjane Goch
94,2022-02-12,5:21 AM,Donnie Overbury,Pasta (Linguine),46,3.91,58.45,Mobile Payment,Ogdon Marven
95,2022-03-28,2:55 PM,Ford Kelcher,Multi-Cooker,59,1.79,82.43,Credit Card,Kari Delph
96,2022-01-10,1:26 PM,Carl Balogun,Garlic and Herb Cream Cheese,58,8.81,6.31,Credit Card,Alexina Goney
97,2022-01-10,1:16 PM,Hester Eke,Chickpeas,51,9.89,9.26,Credit Card,Kennith Rapper
98,2022-03-22,8:49 PM,Kermie Ros,Fitness Tracker,47,7.19,16.13,Cash,Aron Abramsky
99,2022-01-04,12:44 PM,Dudley Moreman,Gluten-Free Brownies,85,5.84,30.35,Credit Card,Lovell Speeding
100,2022-01-23,7:56 AM,Linette Bleiman,Vegan Chickpea Salad,59,3.65,35.43,Mobile Payment,Isis Goudy
101,2022-02-18,11:28 PM,Montague Gencke,LED Table Lamp,12,9.59,12.52,Cash,Franklin Gameson
102,2022-02-12,5:53 AM,Shaylah Reynish,Hiking Boots,81,2.55,13.45,Cash,Betteann Adriano
103,2022-01-14,10:02 PM,Wait Jansens,Soft Plush Throw Blanket,23,3.85,80.01,Credit Card,Anselm Mc Faul
104,2022-03-25,1:36 AM,Owen Beuscher,Digital Alarm Clock,19,4.16,80.74,Cash,Boycey Fiorentino
105,2022-02-27,1:20 AM,Ugo Goozee,Baking Soda,78,1.97,78.22,Cash,Cheslie Claffey
106,2022-02-25,3:12 AM,Leighton Galway,Veggie Chips Variety Pack,3,2.8,34.22,Cash,Willey McGill
107,2022-03-29,4:41 PM,Sawyer Northgraves,Pet Food Storage Container,52,2.05,57.35,Mobile Payment,Theodor Larsen
108,2022-03-03,6:31 AM,Abigael Haxell,Spicy Beef Taco Mix,23,5.68,50.22,Credit Card,Deb Lumsdaine
109,2022-03-23,9:10 PM,Zebulon Hartright,Peach Slices in Syrup,92,9.96,26.79,Cash,Nicolette Salvidge
110,2022-01-04,10:36 AM,Garwin Batty,Basic V-Neck T-Shirt,90,3.9,48.1,Credit Card,Susy Rippingall
111,2022-03-09,6:21 PM,Roanna Comelli,Trendy Bomber Jacket,32,8.54,89.74,Mobile Payment,Chery Trevithick
112,2022-01-27,7:14 PM,Barry Antonijevic,Digital Food Scale,45,7.74,73.65,Credit Card,Etheline Tootell
113,2022-01-05,1:15 PM,Pernell Stove,Scented Candles,47,5.78,60.7,Mobile Payment,Robinia Rohloff
114,2022-03-15,9:58 PM,Emlynn Goddard,Air Purifier,50,2.95,51.67,Credit Card,Georgie Seakings
115,2022-03-18,2:19 AM,Marten De Roeck,Gardening Kneeler and Seat,63,2.96,43.45,Credit Card,Leda Rodrigues
116,2022-01-02,10:03 AM,Brice Bielefeld,Cinnamon Sugar Popcorn,77,8.3,45.66,Mobile Payment,Paco Browne
117,2022-01-21,3:49 PM,Olivette Routh,Smart Thermostat with Wi-Fi,58,3.06,80.86,Credit Card,Othilie Hans
118,2022-01-21,12:23 AM,Osbourne Shipman,Smashed Avocado with Lime,51,6.78,92.75,Mobile Payment,Mehetabel Halliberton
119,2022-02-11,4:16 AM,Dotti Helm,Stylish Wireless Earbuds,13,6.92,8.31,Credit Card,Rosemonde Tarry
120,2022-03-29,7:14 AM,Vincenty Treweela,Animal Paw Print Soap Dispenser,42,9.35,91.02,Credit Card,Kacy Sorensen
121,2022-01-01,5:19 AM,Maryl Wattinham,Curried Lentil Salad,7,6.76,57.33,Credit Card,Ramsey Hovel
122,2022-01-09,2:57 AM,Lilia Regelous,Travel Makeup Organizer,22,6.11,80.78,Mobile Payment,Saul Ions
123,2022-01-28,3:52 AM,Pegeen Easum,Chickpea Flour,6,9.4,50.09,Mobile Payment,Clem Hardacre
124,2022-03-15,2:57 PM,Anni Whittam,LED Flashlight,48,7.92,28.48,Mobile Payment,Eunice Kellaway
125,2022-02-03,8:27 AM,Celeste Simond,Savory Oatmeal Cups,86,6.17,33.72,Credit Card,Joela Mooney
126,2022-03-28,11:31 PM,Estrellita Whellans,LED Strip Lights,71,8.91,68.69,Mobile Payment,Ivory Drakeford
127,2022-02-19,3:30 AM,Beltran Bohea,Sweet Potato Mash,33,3.9,25.12,Mobile Payment,Katharine Buttrum
128,2022-03-18,12:36 AM,Eunice Flippelli,Cordless Water Flosser,75,5.44,81.39,Cash,Johnath Clapison
129,2022-03-04,5:35 AM,Zacharias Costain,Multi-Layer Food Steamer,16,8.93,57.5,Cash,Basilio Trail
130,2022-01-08,3:06 PM,Vasili Dallicott,Smartphone Tripod with Bluetooth Remote,29,9.19,70.89,Mobile Payment,Cleo McNess
131,2022-02-18,4:11 AM,Budd Dovermann,Pear and Gorgonzola Salad,19,2.68,57.44,Credit Card,Isabella McQuaker
132,2022-03-13,4:53 PM,Dionis Bresnen,Wireless Wi-Fi Extender,12,3.36,59.31,Credit Card,Sophia Harrop
133,2022-01-11,12:46 PM,Gwenny Sall,Smoky BBQ Jackfruit,4,4.38,69.68,Credit Card,Margareta Howel
134,2022-03-22,11:45 PM,Ddene Spanswick,Weighted Jump Rope,85,8.99,32.75,Credit Card,Dill Faier
135,2022-01-13,2:11 PM,Sarene Tenwick,Personal Security Alarm Keychain,6,6.34,24.83,Credit Card,Ennis Riddle
136,2022-01-25,6:00 AM,Lilias Tribbeck,Smart Wi-Fi Camera,67,9.8,89.16,Credit Card,Rozele Berrigan
137,2022-01-08,2:32 AM,Dyanna Espinosa,Honey Wheat Pretzels,56,2.68,61.38,Cash,Neille Sowrah
138,2022-03-22,2:28 AM,Corrie Di Ruggero,Decorative LED Neon Sign,72,9.6,47.11,Mobile Payment,Ronny Werrett
139,2022-03-01,9:42 PM,Clerc Espin,Wine Glasses,60,3.91,34.83,Mobile Payment,Nerta Ludovico
140,2022-03-23,12:08 PM,Sigvard Hosburn,Wireless Smart Plug,7,1.9,93.95,Cash,Calv Bolens
141,2022-03-04,11:39 AM,Caressa Rennebeck,Maple Almond Butter,17,2.81,64.62,Credit Card,Kizzee Geely
142,2022-01-31,8:16 PM,Ethelda Jolley,Incense Holder,80,4.93,59.91,Mobile Payment,Pammie McKeand
143,2022-01-08,1:21 AM,Devy Doward,Nut Butter Cups,34,5.22,25.44,Cash,Alphonse Baggallay
144,2022-01-13,12:04 PM,Kelvin Stooke,Thyme,38,7.58,83.28,Credit Card,Angela Welland
145,2022-02-08,3:11 AM,Harmonia Warrior,Fitness Tracker Watch,65,7.04,44.47,Mobile Payment,Prue Houldin
146,2022-01-03,1:03 AM,Clareta Deverill,Vegan chocolate chip cookies,58,7.34,55.93,Cash,Revkah Topper
147,2022-01-03,1:04 PM,Nil Corbett,Kids Tablet,20,1.06,66.84,Cash,Tania Degoey
148,2022-01-18,5:45 PM,Lindy Clery,Organic Green Apples,74,5.25,22.2,Cash,Donavon Squibbs
149,2022-01-07,10:49 AM,Dianna Artus,Olive Oil,55,2.48,44.88,Mobile Payment,Blondell Nudds
150,2022-02-03,8:29 PM,Tirrell Ellissen,Maple Cinnamon Granola Bars,27,3.82,75.87,Cash,Rivkah Rounce
151,2022-02-15,4:06 PM,Kathrine Winridge,Himalayan Salt Grinder,11,4.93,24.65,Mobile Payment,Hastings Takos
152,2022-03-20,1:09 PM,Raquela Baggelley,Grilled Vegetable Medley,87,4.97,62.9,Credit Card,Mirabella Howlin
153,2022-03-29,9:00 PM,Karole Teggart,Sunflower Seeds,60,5.16,10.47,Cash,Anthe Bogace
154,2022-02-06,10:22 PM,Sebastien Kalf,Leather Biker Jacket,77,8.73,5.04,Credit Card,Rochette Seagood
155,2022-01-20,2:57 AM,Jessie Mantle,Desk Lamp with USB Port,83,4.33,28.62,Mobile Payment,Jeniece McCloid
156,2022-01-20,8:45 AM,Leshia Spurgin,Fitness Mat,1,6.28,17.06,Credit Card,Emyle Colyer
157,2022-01-11,11:31 PM,Gilligan Lindeboom,Smart Thermos,38,6.41,74.66,Credit Card,Ross Crotty
158,2022-03-18,2:12 PM,Nanci Jozsa,Multi-Purpose Plant Care Tool,59,5.52,76.05,Cash,Willyt Mayes
159,2022-01-15,6:41 AM,Brandise Clynter,Cilantro Lime Rice,31,8.21,74.22,Credit Card,Florencia Jeafferson
160,2022-01-30,3:51 AM,Angil Gavrieli,Organic Lentil Soup,65,6.03,97.06,Credit Card,Iago Preddy
161,2022-03-09,2:57 AM,Mil Roark,Foot Spa Bath Massager,76,8.37,38.15,Cash,Zolly Blackborough
162,2022-01-22,2:49 AM,Tibold Breem,Instant Read Meat Thermometer,39,2.66,75.02,Credit Card,Nydia Feveryear
163,2022-03-03,5:09 PM,Ranee Endricci,Cream Cheese,47,7.84,83.28,Mobile Payment,Maurene Studd
164,2022-03-27,12:13 AM,Somerset de Vaen,Reversible Comforter Set,99,6.47,77.32,Mobile Payment,Binny Symondson
165,2022-03-23,12:06 AM,Johna Carlsen,Phone Case,9,2.95,29.34,Credit Card,Jody Nelsey
166,2022-03-10,1:46 PM,Adlai Guest,Portable Bluetooth Speaker,54,1.28,59.33,Cash,Thorn Lofts
167,2022-02-24,1:16 PM,Henrik Bussy,Oven-Baked Parmesan Zucchini,23,4.41,14.14,Credit Card,Cody Pickworth
168,2022-01-14,3:59 AM,Onfroi Swatton,Portable Bluetooth Speaker,25,4.66,71.28,Cash,Virginia Penritt
169,2022-02-07,6:31 PM,Thomasina Godrich,Pineapple Coconut Yogurt,6,4.7,38.7,Credit Card,Nicolette Herculson
170,2022-03-21,4:44 PM,Regan Cahill,Kombucha Drink,88,9.92,56.86,Credit Card,Kimmy Gauchier
171,2022-02-13,9:30 AM,Jobye Phythean,Organic Black Rice,82,6.4,7.0,Cash,Shaw Inkle
172,2022-01-08,10:19 AM,Tracee Baline,Portable Hammock,24,2.53,64.35,Cash,Blakelee Fowles
173,2022-02-05,8:04 AM,Roth Hazeup,Portable Charger with Solar Panel,82,6.33,38.96,Credit Card,Janeen Propper
174,2022-03-19,8:08 PM,Erica York,Fitness Balance Ball,80,4.8,27.27,Credit Card,Rosemonde Barke
175,2022-03-03,9:09 AM,Jodie Grinley,Magnet Travel Fridge Magnets,80,5.33,7.88,Credit Card,Godfree Yerlett
176,2022-03-09,5:00 AM,Dorian Elsmore,Multi-Function Meat Tenderizer,96,5.15,16.78,Cash,Tedd Aps
177,2022-02-08,11:43 AM,Zora Shurmer,Coconut Rice,34,4.67,11.14,Credit Card,Hailee Mordon
178,2022-02-17,12:53 PM,Winnifred Ivanenko,Wireless Smart Plug,38,5.68,38.58,Credit Card,Seamus Felce
179,2022-01-11,12:40 PM,Kelvin Corneil,Grass Fed Beef Patties,46,1.87,72.43,Cash,Lavinie Manilo
180,2022-01-11,4:48 PM,Egbert Earpe,Zesty Garlic Marinade,88,2.38,63.04,Mobile Payment,Bartie Bisco
181,2022-02-26,7:52 AM,Linus Kubik,Banana Chips,39,1.9,71.09,Mobile Payment,Eulalie Spehr
182,2022-03-12,8:01 PM,Yard Edgeler,Leather Crossbody Bag,1,3.74,68.98,Cash,Dwight Aitchison
183,2022-03-11,5:04 PM,Rosco Davidescu,Sweet Potato Chips,55,2.27,66.13,Cash,Whitaker Stormont
184,2022-03-01,5:41 PM,Ivy Bucklan,Electric Food Steamer,45,5.32,89.64,Cash,Chris Huthart
185,2022-02-04,3:20 PM,Faith Kubach,Wireless Earbuds,74,6.31,87.61,Mobile Payment,Edithe Rutigliano
186,2022-01-18,9:29 AM,Jerald Bertelmot,Aeropress Coffee Maker,23,8.43,68.11,Mobile Payment,Brandyn Sprake
187,2022-03-08,3:31 PM,Christian Nell,Maple Almond Butter,87,8.25,53.12,Cash,Dicky Broadis
188,2022-02-06,7:50 AM,Arni Drissell,Spicy Salsa Verde,83,3.95,89.25,Credit Card,Caralie Giannini
189,2022-01-17,3:24 PM,Allix Beven,Lemon Garlic Marinade,97,3.69,93.44,Credit Card,Nat Gauld
190,2022-01-20,4:04 AM,Missy Risen,Dried Mango Slices,33,4.54,23.68,Cash,Ann Alexandersen
191,2022-02-06,5:13 PM,Hugues Simonitto,Infrared Thermometer Gun,60,6.6,69.65,Credit Card,Adelina Loncaster
192,2022-02-22,4:19 PM,Leeland Churm,Car Emergency Kit,99,4.9,17.66,Credit Card,Salli Hallihan
193,2022-02-15,1:18 PM,Eustace Winnett,High-Quality Yoga Block,52,7.88,27.65,Mobile Payment,Rozalin Caghan
194,2022-02-04,6:12 AM,Leanor Trott,Yoga Strap,73,5.03,14.76,Cash,Archy Pordal
195,2022-02-10,8:39 AM,Nelly Thomke,Sushi Roll Kit,95,7.21,20.69,Mobile Payment,Ferne McGonagle
196,2022-02-23,2:23 AM,Nan Oxterby,Cold Brew Coffee Concentrate,78,5.59,30.19,Credit Card,Berty Jolliff
197,2022-03-27,10:55 AM,Amalie Burnett,A-Line Skirt,32,2.0,12.49,Mobile Payment,Evonne Slee
198,2022-02-25,4:51 AM,Vicky Sommerfeld,Maple Oatmeal,30,3.16,78.48,Credit Card,Nichol Gerriessen
199,2022-02-07,9:37 PM,Olia Blackhall,Pet Tracking Collar,63,8.34,26.42,Cash,Basia Littlefield
200,2022-03-17,12:24 PM,Guss Regi,Air Fryer,18,8.93,90.47,Credit Card,Barry Goymer
201,2022-01-28,11:22 AM,Phyllida Gentil,Pasta Maker,93,2.51,27.83,Mobile Payment,Padgett Dorward
202,2022-03-08,2:36 AM,Aurel Tick,Set of Decorative Storage Bins,4,5.17,83.09,Mobile Payment,Aileen Wickendon
203,2022-03-19,11:24 PM,Rudie Engelbrecht,Mixed Nuts,4,2.83,33.77,Cash,Tyler Skivington
204,2022-01-05,1:24 PM,Tamarah Flores,Nut Mix,96,7.36,83.73,Mobile Payment,Kerstin Coldridge
205,2022-03-03,2:58 PM,Shandie Croci,Marinara Parmesan Baked Ziti,77,5.44,71.2,Mobile Payment,Melitta Stogill
206,2022-02-07,11:31 PM,Baillie Coonan,Magnet Travel Fridge Magnets,85,7.77,77.12,Mobile Payment,Marlyn Dockreay
207,2022-03-10,8:31 PM,Aeriel Hobson,Infrared Thermometer,83,1.33,35.6,Cash,Nara Skpsey
208,2022-03-16,9:36 AM,Rubi Hodgon,Italian Marinara Sauce,93,4.54,75.81,Mobile Payment,Thomasin Vinker
209,2022-03-01,3:49 AM,Margeaux Lace,Portable Air Pump,17,6.74,89.84,Cash,Pablo Kochlin
210,2022-01-14,8:56 AM,Catie Cossom,Camera Lens Cleaning Kit,22,1.61,89.43,Credit Card,Charlene Hanselman
211,2022-01-30,8:06 PM,Teena Luetkemeyer,Organic Coconut Yogurt,22,6.4,10.39,Credit Card,Holden Wilks
212,2022-03-09,4:30 AM,Gawain Hadkins,Herbed Chicken Breast,1,3.66,79.05,Cash,Charlena Bassam
213,2022-01-26,7:55 PM,Dani Pheby,Cinnamon Sugar Popcorn,53,5.91,96.41,Mobile Payment,Lydie Britt
214,2022-01-05,8:40 AM,Fernando Pucker,Field Journal,94,1.38,91.36,Mobile Payment,Robbert Edgeson
215,2022-01-23,7:08 AM,Lindy Lindbergh,Ceramic Non-Stick Frying Pan,34,5.61,52.49,Mobile Payment,Camella Leschelle
216,2022-02-18,8:55 PM,Delphine Kingsnode,Ginger Turmeric Tea,58,6.1,96.39,Mobile Payment,Quentin Janz
217,2022-02-05,5:23 AM,Estrellita Whimper,Bamboo Toothbrush,56,6.4,56.37,Cash,Webster Eede
218,2022-02-17,7:55 AM,Rosaleen Cosser,Caramel Apple Chips,38,8.62,9.99,Mobile Payment,Nickolas Swinbourne
219,2022-02-20,5:29 PM,Marlane Mogridge,LED Strip Light Kit,63,9.74,64.14,Credit Card,Kincaid Spatari
220,2022-01-27,2:20 AM,Thor Abbay,Sparkling Blood Orange Soda,51,1.66,54.32,Cash,Regan Marsham
221,2022-01-18,7:00 AM,Timmi Pinke,Sliced Cheese,60,2.36,57.68,Credit Card,Rosette Fitzsymon
222,2022-03-07,4:42 PM,Irina Voce,Basil-infused Olive Oil,1,9.93,94.34,Mobile Payment,Casey Beggs
223,2022-02-06,4:28 AM,Elfrida Polack,Zesty Garlic Hummus,65,9.79,63.32,Mobile Payment,Dianna Avent
224,2022-02-19,4:42 AM,Bruce Purnell,Cinnamon Roll Protein Bar,48,4.39,45.9,Credit Card,Lucien Macak
225,2022-01-20,5:02 AM,Augustus Harling,Leek and Potato Soup,81,2.7,9.93,Mobile Payment,Antoinette Micheau
226,2022-01-17,2:41 AM,Any Becken,Water-Resistant Bluetooth Speaker,51,9.96,75.85,Cash,Marne Benam
227,2022-03-01,8:47 AM,Stanfield Pinckney,Silicone Baking Mat,35,8.65,10.88,Cash,Lori Gooderick
228,2022-03-29,5:40 PM,Magnum Mullinger,Travel Laundry Bag,18,4.84,43.13,Credit Card,Duffie Ganiclef
229,2022-02-05,10:42 AM,Kelila Jeanequin,Chocolate Chip Cookie Dough,8,2.47,5.12,Credit Card,Madelaine Rens
230,2022-01-15,10:17 AM,Andris Royste,Indoor Grill,63,3.37,39.9,Cash,Elysha Whales
231,2022-01-19,5:56 AM,Alyson Clemas,Gardening Fairy Figurines,62,6.99,94.56,Mobile Payment,Dorise Monnelly
232,2022-02-11,2:31 PM,Jenn Meighan,Mini Indoor Hydroponic Garden,9,5.78,73.97,Cash,Jephthah Kintzel
233,2022-02-28,11:56 AM,Veronique Boldock,Cranberry Almond Cookies,47,1.46,13.31,Mobile Payment,Hester Herreran
234,2022-01-27,4:13 PM,Tobiah Corringham,Spiralizer,4,3.48,71.18,Cash,Yoshiko Wight
235,2022-02-01,1:21 AM,Sherwood Bruggeman,Roasted Red Pepper Hummus,10,7.82,64.55,Cash,Jenda De Bellis
236,2022-02-03,10:27 PM,Alec Ramsbotham,Casual Sneakers,7,7.3,16.3,Cash,Bryn Jeandillou
237,2022-02-06,5:09 PM,Sloan Lowres,Portable Pet Bathing Tool,92,4.22,40.77,Mobile Payment,Michal Sylvaine
238,2022-02-15,5:31 PM,Poppy Ivanilov,Spinach and Cheese Quiche,61,9.5,30.73,Credit Card,Lenee Ellissen
239,2022-03-29,9:04 PM,Dennis Matusson,Suede Ankle Booties,43,3.28,15.57,Mobile Payment,Romonda Geke
240,2022-01-14,3:50 AM,Tami Awcoate,Organic Brown Sugar,97,1.01,69.35,Cash,Elly Badcock
241,2022-01-06,1:26 AM,Virge Eicke,Reusable Coffee Filter,68,5.87,13.94,Credit Card,Rickie Shearn
242,2022-01-27,3:53 PM,Rori Blind,Handheld Shower Head,96,7.82,24.02,Mobile Payment,Kitty Willford
243,2022-01-29,3:32 PM,Chelsey Oldacres,Set of Herb Garden Markers,1,2.73,63.48,Credit Card,Lilas Denny
244,2022-02-24,5:41 PM,Rodolphe Moorton,Interactive Plush Toy,9,2.81,35.86,Mobile Payment,Hercule Woltering
245,2022-01-31,4:40 AM,Vernice Coffin,Insulated Coffee Mug,94,6.07,92.25,Credit Card,Aileen Draayer
246,2022-03-04,5:07 PM,Bard Ellesmere,LED Strip Lights Kit,50,7.79,7.35,Cash,Emanuel McNeilley
247,2022-01-03,5:27 PM,Ailbert Bearham,Board Game,4,9.12,77.66,Cash,Tobey Roseby
248,2022-01-03,3:34 PM,Hedwiga Ridett,Chickpea Flour,43,3.83,7.74,Credit Card,Hasty Clint
249,2022-01-29,1:31 AM,Clair Blackborow,Travel Sewing Kit,48,8.88,69.69,Credit Card,Blanca Marde
250,2022-03-28,3:38 AM,Verla Langforth,Kitchen Knife Sharpening System,33,3.43,22.42,Mobile Payment,Idalina Mixworthy
251,2022-01-05,2:19 AM,Budd Glenton,Blueberry Chia Jam,58,1.62,27.9,Mobile Payment,Darby Hairs
252,2022-01-25,7:01 PM,Pippa Abson,Maple Glazed Carrots,5,5.47,26.13,Credit Card,Deck Simondson
253,2022-03-24,10:40 AM,Florenza Brower,Phone Case,26,8.22,48.74,Credit Card,Tani Elks
254,2022-03-11,8:44 AM,Aveline Whild,Sweet Chili Sauce,39,4.7,74.97,Credit Card,Lacey Smurfitt
255,2022-01-19,4:21 PM,Myron Charer,Sun-Dried Tomato Pesto,72,8.4,89.03,Cash,Sumner Corbert
256,2022-01-22,12:11 PM,Kippie Vondra,Cotton Pajama Set,23,6.03,65.3,Mobile Payment,Emmet Dyet
257,2022-01-31,2:21 PM,Cari Frankiewicz,Organic Green Lentils,16,1.05,40.84,Credit Card,Asher Delion
258,2022-03-25,10:37 PM,Lani Giffaut,Roasted Sweet Corn,41,6.71,78.29,Mobile Payment,Chiquita Burdekin
259,2022-02-16,4:02 AM,Emmalynne Daw,Smart Doorbell,46,6.66,77.58,Credit Card,Drake Dinan
260,2022-03-04,12:03 AM,Maxwell Deverell,Vegetable Sushi Rolls,15,7.02,30.66,Mobile Payment,Philip Etherington
261,2022-02-24,4:13 PM,Alvan Lundy,Leather Biker Jacket,34,7.35,61.37,Mobile Payment,Remington Arton
262,2022-01-01,7:40 PM,Hamlin Strass,Garden Vegetable Chips,88,2.32,22.16,Mobile Payment,Cynthia Judron
263,2022-02-17,10:32 PM,Allsun Littleproud,Outdoor Adventure Backpack,86,1.39,88.07,Credit Card,Ardath Muldowney
264,2022-03-05,2:38 PM,Aretha Fireman,Pet Food Storage Container,60,8.31,81.84,Mobile Payment,Aprilette Stokell
265,2022-01-02,3:12 PM,Mela Malkie,Graphic Sweatshirt,50,4.11,37.7,Mobile Payment,Cole Dowsey
266,2022-01-19,6:50 AM,Boniface Easthope,Fruit and Nut Energy Bites,78,1.94,56.3,Mobile Payment,Aindrea Antognazzi
267,2022-01-23,5:29 AM,Tomlin Wison,Key Finder,7,4.99,46.03,Credit Card,Sindee Moffatt
268,2022-01-29,3:08 AM,Bordy Candlin,Pizza Stone,4,6.39,94.58,Cash,Denney Oldfield
269,2022-01-27,4:06 AM,Barrett Wride,Pepper Jack Cheese Slices,72,9.4,86.83,Cash,Keely Keele
270,2022-01-03,5:16 PM,Bruis Egginson,Reusable Food Storage Bags,28,7.09,74.46,Cash,Tova Meron
271,2022-03-16,5:20 PM,Bryanty Fyldes,Graphic Hoodie,24,4.46,78.03,Cash,Goddart Lowin
272,2022-03-11,1:36 PM,Joella Palfreman,Green Smoothie Mix,77,7.92,27.78,Mobile Payment,Graham Kenningham
273,2022-02-24,9:37 PM,Mira Kinzel,Portable UV Sterilizer,72,8.34,88.08,Credit Card,Isidora Lafay
274,2022-02-20,2:28 PM,Emelina Bartkowiak,Ranch Dressing,100,2.43,75.85,Credit Card,Ferdinande Connew
275,2022-01-12,7:35 PM,Micah Ramirez,Utility Cargo Pants,45,2.97,45.18,Cash,Ansley Galley
276,2022-03-16,2:37 PM,Thomas Rendle,Classic Vanilla Fudge,34,8.42,65.49,Mobile Payment,Friedrich Halbord
277,2022-01-29,1:21 PM,Rodrique Buttrum,Insulated Lunch Bag,84,2.72,35.92,Mobile Payment,Avram D'Antuoni
278,2022-01-28,8:32 PM,Erin Saing,Water-Resistant Bluetooth Speaker,88,1.76,12.46,Credit Card,Tedi Lowthian
279,2022-02-18,3:34 AM,Cathyleen Yeulet,Cinnamon Spiced Almonds,15,4.06,74.61,Credit Card,Aindrea Boken
280,2022-01-08,9:50 AM,Morganica Kobsch,Pet Carrier Backpack,95,8.41,48.33,Cash,Waiter Goldhill
281,2022-03-02,2:14 PM,Shannan Stoving,Air Fryer Oven,17,4.55,11.3,Cash,Violette Fehners
282,2022-03-23,5:29 PM,Carrie Scholfield,Tomato Paste,50,7.23,62.7,Credit Card,Jewelle Upchurch
283,2022-03-04,12:40 PM,Kitti Clipston,Mushroom Soup (canned),66,1.04,92.48,Credit Card,Carol-jean Venneur
284,2022-01-18,9:59 AM,Matti Hilldrup,Sriracha Chili Sauce,2,4.29,13.31,Mobile Payment,Booth Allenson
285,2022-03-23,6:38 AM,Daryl Burbridge,Organic Coconut Water,10,6.46,81.6,Cash,Edan Brambill
286,2022-02-15,3:30 AM,Julienne Davet,Smartphone Tripod with Remote,18,3.78,65.16,Mobile Payment,Symon Fullilove
287,2022-01-30,8:26 AM,Sherman Gristhwaite,Maple Cinnamon Granola,88,1.66,39.44,Cash,Mil Wretham
288,2022-01-18,4:27 PM,Delia Quartley,Pumpkin Spice Latte Mix,12,2.43,59.24,Mobile Payment,Hube Kerfut
289,2022-03-27,9:01 PM,Belva Millhill,High-Speed HDMI Cable,56,4.78,75.21,Mobile Payment,Courtnay Vennings
290,2022-02-14,2:41 PM,Channa Gherardesci,Reclining Camping Chair,75,6.2,55.52,Credit Card,Denny Wibrow
291,2022-01-07,3:40 PM,Thornie Grimmett,Dog Collar,12,3.51,60.05,Mobile Payment,Ezechiel Klimke
292,2022-03-04,5:46 AM,Khalil Smees,Overnight Hiking Backpack,7,9.83,16.01,Cash,Maggee Batisse
293,2022-02-21,9:59 PM,Kerry Skone,Vegan chocolate chip cookies,81,5.15,41.37,Mobile Payment,Tonia Daud
294,2022-02-17,3:55 PM,Lotta Philipsson,Peanut Butter Granola,88,8.31,88.42,Cash,Elmo Ellesmere
295,2022-03-28,3:16 PM,Viviyan O' Reagan,Wireless Gaming Mouse,17,7.47,32.5,Mobile Payment,Phebe Maile
296,2022-02-10,11:25 AM,Hall Houlden,Energy Protein Bars,12,6.49,8.39,Mobile Payment,Abner Bagg
297,2022-01-24,6:21 AM,Marillin Girardot,Strawberry Rhubarb Jam,56,6.9,96.59,Credit Card,Salomon Osmar
298,2022-03-14,3:29 AM,Claus Sellman,Reusable Silicone Food Storage Bags,34,9.62,85.92,Cash,Felipa Gilham
299,2022-03-29,10:24 PM,Shayne Rubanenko,Electric Stir Fry Pan,3,9.78,55.62,Credit Card,Abel Smee
300,2022-03-05,11:02 PM,Feliza Scade,Laptop Backpack,57,5.03,75.71,Mobile Payment,Timothea Fawcett
301,2022-03-08,9:36 PM,Hillel Roseblade,Foam Muscle Roller,75,5.85,28.63,Cash,Everard Gowar
302,2022-02-03,10:34 PM,Augusta Krystek,Electric Screwdriver,15,4.53,5.33,Cash,Syman Dabnot
303,2022-02-04,8:00 AM,Margot Itzkovwitch,Cheesy Cauliflower Bake,52,2.18,41.44,Credit Card,Amelita Nazaret
304,2022-02-05,10:43 AM,Bengt Streets,Portable Hand Warmer,57,4.71,46.73,Mobile Payment,Eva Drysdell
305,2022-03-17,12:58 PM,Marleen Travers,Desk Lamp with USB Port,3,4.04,48.45,Credit Card,Alyssa Penna
306,2022-03-22,6:54 AM,Pattie Wasmer,Cabbage,87,7.81,74.78,Cash,Rutledge Pestell
307,2022-03-12,5:44 AM,Kellyann Farlambe,Chocolate Coconut Protein Balls,49,6.75,35.56,Cash,Ralina Garment
308,2022-02-23,8:21 PM,Nathan Fern,Himalayan Pink Salt,37,4.25,75.15,Cash,Kylen Thomasen
309,2022-03-23,3:23 AM,Gelya Reiling,Thai Peanut Dressing,73,3.28,69.35,Mobile Payment,Guillema Fairall
310,2022-03-03,5:09 PM,Aubine Sprake,Asian Noodle Salad Kit,19,2.36,38.27,Credit Card,Yovonnda Layman
311,2022-03-22,4:09 AM,Nara Lamputt,Almond Joy Protein Bars,59,7.89,97.21,Credit Card,Lilian Caro
312,2022-02-28,8:18 PM,Hartley Coaten,Fitness Tracker Band,11,4.64,39.98,Cash,Celle Angell
313,2022-02-21,8:28 AM,Gussi Orteu,Roasted Sweet Corn,23,5.84,42.08,Mobile Payment,Adrian Slowgrave
314,2022-03-03,11:46 PM,Baillie Tinsey,Fruit Infuser Water Bottle,59,2.35,25.09,Credit Card,Joann Longfut
315,2022-02-14,3:03 AM,Royal Domoni,Tennis Racket,34,1.42,44.18,Mobile Payment,Jeri Blakemore
316,2022-03-01,1:58 AM,Barry Hemstead,Turmeric Ginger Tea,36,5.38,97.1,Mobile Payment,Holly Heathcott
317,2022-03-14,3:41 AM,Berke Beadell,Crispy Rice Treats,13,9.19,57.41,Cash,Margi Mottinelli
318,2022-02-11,9:25 PM,Inglebert Colhoun,Magnetic Phone Case,34,2.63,82.2,Mobile Payment,Maye Egerton
319,2022-03-19,3:43 AM,Hamlen Axby,High-Low Hem Tee,66,5.74,96.48,Mobile Payment,Sapphira Townley
320,2022-03-08,11:33 AM,Wolfgang McKinty,Smartphone Gimbal Stabilizer,1,2.78,31.72,Credit Card,Elvis Neave
321,2022-01-17,5:18 PM,Isak Sparrowhawk,Striped Long Sleeve Shirt,88,1.55,73.37,Mobile Payment,Carlos Bosnell
322,2022-03-15,9:58 AM,Elli Petrovsky,Digital Drawing Tablet,1,7.59,73.15,Mobile Payment,Averil Damarell
323,2022-01-01,8:01 PM,Rora Hartas,Vegetable Stir-Fry Sauce,84,3.99,12.1,Credit Card,Lorene Snel
324,2022-01-11,2:41 PM,Vania Gatteridge,Chocolate Fudge Brownie Mix,52,8.84,41.24,Credit Card,Hyacinthia Annandale
325,2022-03-16,8:23 PM,Gawen Davers,Infrared Thermometer,32,9.45,27.61,Credit Card,Geoffrey Greed
326,2022-01-29,7:17 PM,Ravi Sonnenschein,Dark Chocolate Bars,71,4.56,75.96,Credit Card,Nancee Damrel
327,2022-01-13,3:53 PM,Morgen Meak,Pork Tenderloin,70,3.13,14.37,Mobile Payment,Etheline Trye
328,2022-02-12,6:58 AM,Kally Solano,Classic Black Dress,16,8.8,93.57,Cash,Crystie McKerley
329,2022-02-04,9:30 AM,Tarrah Vautre,Cookbook,79,5.65,67.89,Cash,Brose Fishpool
330,2022-03-27,11:32 AM,Derek Wagstaff,Inflatable Party Cooler,70,6.85,43.65,Credit Card,Blisse Letch
331,2022-01-23,4:30 AM,Linnie Shine,Buffalo Stilton Cheese,95,8.18,77.99,Mobile Payment,Pammy Breddy
332,2022-03-05,9:59 AM,Carmelle Coppins,Personalized Cutting Board,53,4.24,39.42,Cash,Angus Mumbeson
333,2022-01-27,5:17 AM,Octavia Layfield,Crew Neck Sweater,95,9.71,43.9,Credit Card,Karlis Bault
334,2022-01-17,11:02 PM,Filippo Antoniak,Home Karaoke System,29,3.05,47.15,Cash,Elysha Plaistowe
335,2022-03-13,2:58 AM,Meggy Kingsbury,Vegetable Spring Rolls,63,3.62,95.59,Cash,Holt O'Fairy
336,2022-03-01,10:36 PM,Patricio Santi,Sweet Potato Noodles,31,7.92,56.61,Cash,Jobina Gauge
337,2022-02-26,7:55 PM,Jerome Leete,Garlic Herb Marinade,74,2.75,80.07,Mobile Payment,Veronika Station
338,2022-01-08,1:36 AM,Carla Concannon,Zesty Cilantro Lime Dressing,38,3.36,48.05,Mobile Payment,Prudy Swanborrow
339,2022-03-16,4:26 PM,Auria Cundict,Reclining Camping Chair,32,2.68,24.13,Cash,Ema Airlie
340,2022-01-09,10:27 PM,Dmitri Freeman,Dill Pickle Chips,62,8.35,61.11,Cash,Shem Puleston
341,2022-02-15,9:20 PM,De Klawi,Apple Cinnamon Oatmeal,19,7.87,47.36,Cash,Lou Shorie
342,2022-02-02,8:45 PM,Jeffrey Delacote,Tomato Sauce,40,3.38,62.73,Credit Card,Reed O'Callaghan
343,2022-03-24,10:19 PM,Britte Pitts,Bamboo Utensil Holder,75,1.91,89.1,Credit Card,Alina Matthewman
344,2022-01-15,3:48 PM,Roze Soro,Stainless Steel Travel Mug,13,8.2,77.3,Cash,Travers Dunniom
345,2022-03-10,9:17 PM,Web Boundy,Ceramic Knife Set,2,5.78,97.07,Mobile Payment,Laurene O'Cleary
346,2022-02-11,4:00 PM,Michal Gillett,Pasta Maker Machine,99,1.11,44.38,Cash,Filippo Arias
347,2022-03-12,7:51 AM,Kelvin Jaskowicz,Basil Pesto Pasta,11,9.96,47.04,Mobile Payment,Candice Lowings
348,2022-01-22,7:17 PM,Row Rushbury,Bluetooth Shower Speaker,43,3.81,92.37,Cash,Bridget Assandri
349,2022-02-04,10:44 AM,Evey Pont,Solar Charger,25,1.41,76.47,Mobile Payment,Teddy Dunlop
350,2022-03-08,11:33 AM,Harriot Spera,Frozen Berry Blend,15,3.6,60.04,Mobile Payment,Manon Grice
351,2022-01-20,8:15 AM,Charla Mangan,Pet Activity Tracker,31,8.21,86.09,Credit Card,Odie Camoletto
352,2022-02-10,7:29 PM,Finley Hayesman,LED Christmas Tree Lights,15,9.71,63.64,Mobile Payment,Constantine Silley
353,2022-03-05,12:52 AM,Veriee Gillibrand,Vegetable Stir Fry Mix,87,3.24,9.58,Cash,Parke Rosbrough
354,2022-02-11,8:06 AM,Marcile Torry,Folding Pocket Knife,12,6.98,18.44,Mobile Payment,Normie Clynter
355,2022-03-30,6:57 PM,Enoch Bassford,Thai Red Curry Paste,82,5.47,33.46,Mobile Payment,Nettie Soall
356,2022-02-10,5:22 PM,Diann O'Connor,Asian Noodle Salad Kit,87,4.67,43.87,Credit Card,Natasha Ribchester
357,2022-01-22,5:33 PM,Heddi Dikes,Coffee Maker,89,2.48,49.08,Mobile Payment,Caro McPike
358,2022-03-29,8:38 PM,Gertie Pirelli,Hummus,19,1.3,73.27,Mobile Payment,Wynn Catt
359,2022-02-18,8:18 PM,Con Bottelstone,Relaxed Fit Henley Shirt,39,1.44,13.39,Mobile Payment,Richardo Bodega
360,2022-01-03,12:14 PM,Scarface Jonson,Compact Electric Kettle,60,3.1,98.52,Cash,Biddy Hicken
361,2022-01-05,11:31 PM,Marthena Tunnacliffe,Compost Bin,87,3.13,36.94,Credit Card,Reece Trenouth
362,2022-03-09,2:21 AM,Dwayne Howlett,Asian Noodle Salad Kit,35,7.93,59.63,Cash,Sherlock Robbeke
363,2022-01-24,12:52 PM,Almeta Bridgwater,Matcha Green Tea Powder,89,7.0,35.08,Cash,Nathalia Sollam
364,2022-02-27,8:55 PM,Malena Clissett,Animal Paw Print Soap Dispenser,6,8.13,28.37,Mobile Payment,Ernesta Hoxey
365,2022-03-28,12:19 PM,Ruggiero Luttger,Smartphone Photography Ring Light,38,6.93,39.05,Cash,Marlow Mattingson
366,2022-03-01,1:08 AM,Abbi Flucker,Smartphone Tripod,11,1.15,45.6,Cash,Francois Ajam
367,2022-02-07,8:07 AM,Kare Cansdell,Flavored Instant Oatmeal,75,3.32,47.99,Mobile Payment,Fae Loyd
368,2022-01-17,9:36 PM,Helen Limpenny,Sunglasses,20,4.01,99.06,Mobile Payment,Fanni Littlechild
369,2022-02-27,5:34 AM,Juan M'Barron,Smoked Paprika,52,3.24,12.38,Credit Card,Yule O'Lenane
370,2022-03-07,7:11 PM,Arlyne McCartan,Peas (frozen),31,4.71,95.49,Cash,Agathe McDaid
371,2022-03-01,4:14 PM,Caritta McQuirter,Savory Rice Cakes,44,7.84,95.39,Credit Card,Ophelie Sandwith
372,2022-03-23,1:34 PM,Briggs Cant,Graphic Print Leggings,64,7.91,63.4,Mobile Payment,Hilliard Lanham
373,2022-03-21,1:56 AM,Winonah Wickes,Almond Quinoa Salad,12,3.92,86.77,Credit Card,Brandais Downey
374,2022-03-15,8:01 PM,Gert Wardrope,Vegetable Quinoa Bowl,19,9.4,11.86,Cash,Domini Sheron
375,2022-02-15,9:57 PM,Anna-diana Caruth,Barbecue Chicken Pizza,3,4.28,92.52,Credit Card,Ursala Thornally
376,2022-01-16,9:02 PM,Augustus Goane,LED Desk Lamp,38,8.92,9.85,Mobile Payment,Cristionna Stidworthy
377,2022-03-12,4:34 AM,Zarla Varfalameev,Cushion Covers,17,8.04,74.82,Mobile Payment,Maximilianus Dyte
378,2022-03-25,10:54 PM,Celestyn Mansion,Electric Opener for Jars and Bottles,15,7.45,72.48,Cash,Reinaldos Leveritt
379,2022-03-06,1:43 AM,Evey Peggrem,Mini Cordless Vacuum Cleaner,67,7.58,70.39,Mobile Payment,Malva Sambals
380,2022-01-02,10:55 PM,Darrel Garrold,Wireless HDMI Receiver,81,5.36,58.21,Cash,Ciel Sogg
381,2022-01-23,1:16 AM,Shirline Drife,Pet Nail Clipper,72,9.78,60.27,Cash,Elisa Ervine
382,2022-02-19,7:53 PM,Tobe Ebdon,Insulated Cooler,73,4.63,81.7,Cash,Henderson Shevelin
383,2022-03-25,5:08 PM,Randal Rosedale,Savory Snack Mix,1,2.4,40.5,Mobile Payment,Cordy Torns
384,2022-02-06,6:51 PM,Chico Oty,Spinach and Cheese Stuffed Shells,3,9.03,67.92,Mobile Payment,Ailey Reggio
385,2022-02-17,11:21 AM,Sissy Boyan,Veggie Lovers Pizza,83,8.56,79.67,Cash,Freeman Besnardeau
386,2022-02-13,5:16 AM,Raquela Enderlein,Creamy Garlic Dressing,95,9.04,49.5,Cash,Babbette De Caville
387,2022-02-14,3:27 PM,Cheri Durning,Mini Meatballs,16,6.62,99.41,Credit Card,Natale Yashanov
388,2022-01-12,8:30 PM,Nancy Boote,Luminous Night Light,54,4.77,95.16,Credit Card,Cassy Maleby
389,2022-01-14,1:08 AM,Cammy Casburn,Yoga Strap,30,4.91,56.91,Cash,Ulla Cheesley
390,2022-03-24,9:43 PM,Suzie Abbison,Lemon Herb Quinoa,73,5.87,61.21,Cash,Lucas Eaden
391,2022-01-20,6:15 AM,Elisa Catherick,Noise-Canceling Earbuds,4,5.3,23.47,Mobile Payment,Leonanie Beecroft
392,2022-03-26,6:37 AM,Duky Batalle,Reusable Food Storage Bags,10,3.68,90.32,Credit Card,Bastien Marcussen
393,2022-02-08,1:31 AM,Rabi Feldberger,Pasta Sauce Mix,18,4.25,23.81,Credit Card,Olly Benardeau
394,2022-02-12,6:53 AM,Sheela Kumaar,Plant-Based Protein Bars,42,2.9,99.58,Credit Card,Kennith Van Niekerk
395,2022-01-24,8:49 PM,Quincy Estick,Crew Neck Sweater,57,4.64,9.68,Credit Card,Nicolais Loukes
396,2022-01-03,7:23 AM,Cleavland Camosso,Honey Wheat Pretzels,60,9.94,80.88,Mobile Payment,Terese Nias
397,2022-01-05,10:32 AM,Roma Lutty,Nutty Trail Mix,31,5.73,25.52,Mobile Payment,Franny Blumire
398,2022-02-21,12:37 PM,Haskell Ledgard,Sushi Rice,89,1.39,74.98,Mobile Payment,Claudetta Turfitt
399,2022-01-29,4:22 AM,Torr Prenty,USB Desk Fan,52,1.61,9.73,Credit Card,Lenore Santello
400,2022-03-14,4:24 AM,Sutherlan Brazenor,Samoas Cookie Mix,33,3.98,98.92,Cash,Richy Chapman
401,2022-02-17,8:34 PM,Murry Scattergood,Collapsible Water Bottle,7,4.9,47.82,Mobile Payment,Willie Werrett
402,2022-02-08,3:45 PM,Roxine Mulles,Gluten-Free Biscuits,47,5.05,73.75,Mobile Payment,Anitra Garden
403,2022-03-19,4:24 PM,Agnese Coffey,Chocolate Peanut Butter Cups,91,7.53,36.08,Cash,Ignacio Jurasek
404,2022-01-03,1:19 PM,Baillie Aluard,Italian Sausage Links,75,4.46,6.38,Mobile Payment,Cam Deveraux
405,2022-02-28,10:13 AM,Jennica Jeger,Hot Salsa,68,9.05,42.64,Cash,Faulkner Tittletross
406,2022-03-16,5:30 PM,Inness Bussens,Pocket Blanket,96,4.56,77.54,Credit Card,Worden Abramow
407,2022-01-06,3:15 PM,Bevvy Sturgis,Pomegranate Juice,73,7.07,11.57,Credit Card,Uriah Renn
408,2022-03-15,2:50 AM,Deane Pedrocco,Mint Chocolate Chip Ice Cream,82,3.07,54.58,Cash,Curr Yacobsohn
409,2022-03-11,2:12 AM,Nikita Cocher,Paprika,16,5.01,88.96,Credit Card,Myron Gourley
410,2022-01-14,5:35 AM,Blair Robertot,Plant Pot Drip Trays,50,2.19,31.98,Cash,Pamela Magrannell
411,2022-02-14,11:26 PM,Darya Skottle,Graphic Print Leggings,95,2.32,39.11,Cash,Feliza Levett
412,2022-01-26,12:50 PM,Pyotr Hardison,Electric Screwdriver,34,2.44,79.9,Mobile Payment,Larine Gilffilland
413,2022-02-20,7:23 AM,Bibbie Avramovitz,Wall Art Stickers,1,5.92,99.98,Cash,Aloysia Krol
414,2022-01-08,10:09 PM,Margalo Kristufek,Smartphone Tripod with Remote,95,5.11,61.54,Cash,Ruprecht Petasch
415,2022-03-28,9:33 PM,Reine Ripon,Dark Chocolate Bars,63,8.99,14.85,Cash,Merwyn McDermott
416,2022-02-15,2:38 PM,Joshuah Schottli,Sliced Avocado,95,5.41,32.15,Credit Card,Dallon Fort
417,2022-01-31,12:04 AM,Aurthur Sollas,Reusable Snack Bags,11,3.43,32.71,Credit Card,Gavra Rogge
418,2022-01-10,12:44 AM,Lu Soal,Inspirational Wall Art,87,2.66,60.86,Credit Card,Sutherland Scarlett
419,2022-02-20,7:25 PM,Flory Claasen,Protein Bar Variety Pack,43,3.95,90.36,Mobile Payment,Natasha Kynan
420,2022-01-12,12:02 AM,Tommy Grinham,Chilli Lime Corn on the Cob,48,2.95,70.25,Mobile Payment,Silvanus Mulliner
421,2022-03-08,7:02 AM,Page Spreag,Smartphone Holder for Car,61,8.61,31.18,Credit Card,Aguie Moyer
422,2022-02-06,6:09 PM,Natalee Duddell,Chewy Granola Bars,45,1.11,21.52,Credit Card,Edwina Crame
423,2022-03-09,5:53 PM,Florentia Rakes,Glass Tea Pot,19,5.38,23.75,Mobile Payment,Brockie Roskrug
424,2022-03-04,12:45 PM,Guglielma Kubelka,Pumpkin Seeds,48,9.26,61.15,Credit Card,Davina Phayre
425,2022-02-14,10:35 AM,Gwenneth Oxberry,Fruit Infuser Water Bottle,87,6.43,69.22,Mobile Payment,Ginnifer Keyden
426,2022-03-06,5:18 AM,Marie-ann O'Cannovane,Pet Tracking Collar,85,3.25,55.05,Mobile Payment,Sharla Waddicor
427,2022-02-18,3:16 PM,Mohammed Kamiyama,Sous Vide Cooker,82,1.59,33.05,Cash,Georgiana Shoebottom
428,2022-03-13,11:28 PM,Yank MacConnell,Vegetable Spiralizer,81,3.78,88.52,Credit Card,Shelby Phillipson
429,2022-01-15,1:21 AM,Emlen Skeldon,Taro Chips,59,2.63,38.25,Mobile Payment,Zeb Allridge
430,2022-02-02,4:10 PM,Rheba Winterton,Portable Folding Picnic Table,43,7.68,71.01,Credit Card,Christyna Nowlan
431,2022-02-07,10:18 PM,Pauli Gretton,Coconut Cream Pie Yogurt,28,7.9,88.79,Mobile Payment,Eveline Bowlas
432,2022-02-11,12:03 PM,Margi Vincent,Electric Griddle with Lid,77,1.5,46.27,Credit Card,Kamilah Simonnet
433,2022-01-27,6:55 PM,Derrik O'Canavan,Instant Read Meat Thermometer,93,7.19,69.83,Credit Card,Giorgio Gyford
434,2022-02-09,2:24 AM,Corey Furber,Portable Leaf Blower,76,8.07,53.17,Mobile Payment,Jenifer Poundford
435,2022-03-28,3:41 PM,Celina Minogue,Vegetable Stock,3,8.04,99.49,Mobile Payment,Cassandra Swancock
436,2022-03-04,2:24 PM,Pegeen Airton,Portable Massage Gun,41,1.82,34.74,Credit Card,Tildi Dudmesh
437,2022-01-19,8:51 AM,Stephen Kalinsky,Electric Rice Cooker with Steamer,83,5.7,20.81,Mobile Payment,Hagan Ryan
438,2022-02-03,5:28 AM,Ruddie Umpleby,Portable Bluetooth Headphones,48,6.34,9.72,Cash,Maria MacBey
439,2022-01-13,8:13 PM,Gayelord Pieters,Rice Pilaf Mix,17,6.1,45.84,Mobile Payment,Maxie Shrive
440,2022-01-06,1:03 PM,Melisenda Nairn,Travel Beach Blanket,27,5.64,65.1,Cash,Leora Cayette
441,2022-02-08,5:41 AM,Durward MacDiarmond,Leek and Potato Soup,49,6.83,70.25,Mobile Payment,Lucas Vasiliev
442,2022-03-12,9:41 PM,Gordie Courage,Bamboo Cotton Tank Top,29,2.72,50.81,Mobile Payment,Barbaraanne Gallimore
443,2022-02-28,7:44 AM,Gerry O'Henehan,Lemon Basil Pasta Sauce,30,3.35,7.09,Credit Card,Lyn Smitherham
444,2022-02-08,3:30 PM,Antin Moakler,Electric Opener for Jars and Bottles,32,6.7,55.13,Mobile Payment,Jasen Lamball
445,2022-01-18,12:16 PM,Julia Dowers,Classic Beef Chili,62,2.9,86.55,Mobile Payment,Melita Nehl
446,2022-01-25,5:12 AM,Tabbi Minkin,Sea Salt Caramel Popcorn,25,2.08,56.7,Credit Card,Alexandrina Keoghan
447,2022-02-18,12:38 AM,Ly Barhem,Lemon Herb Grilled Chicken,55,3.63,47.12,Mobile Payment,Consuelo Idel
448,2022-01-14,8:29 AM,Taylor D'Ambrogio,Garlic Butter Sauce,22,9.74,68.63,Mobile Payment,Elianora Downe
449,2022-03-11,11:33 PM,Jarrad Gilbert,Frozen Pizza,80,7.38,17.5,Cash,Ludovico Valentino
450,2022-03-23,7:47 AM,Verne Snoddin,Cajun Seasoning,98,4.76,10.5,Credit Card,Gretna Goneau
451,2022-03-27,8:10 AM,Ollie Birkinshaw,Adjustable Pet Feeder,6,4.89,16.53,Credit Card,Wilone Mouatt
452,2022-03-22,7:21 PM,Vergil Ivashnyov,Tennis Racket,3,1.12,30.49,Cash,Erny O' Brian
453,2022-02-09,1:38 PM,Wolf Chippendale,Heated Throw Blanket,83,3.33,60.28,Credit Card,Eziechiele Simco
454,2022-03-21,11:16 AM,Duff Ewell,Classic Slim Fit Shirt,45,2.02,48.1,Credit Card,Henrietta Schwier
455,2022-02-08,1:22 AM,Kayley Henricsson,Peach Halves (canned),60,6.53,35.48,Credit Card,Antonia Hurtic
456,2022-02-17,11:23 PM,Willis Ridgers,Canned Coconut Milk,60,6.99,64.72,Credit Card,Jillana Emmanueli
457,2022-01-30,5:59 PM,Belia Klosser,Wireless Charger Stand,27,9.98,11.51,Credit Card,Lorrayne Clementson
458,2022-01-18,12:01 AM,Felicle Brydone,Creamy Coleslaw Mix,62,6.61,5.46,Cash,Ilsa Geerdts
459,2022-03-22,9:40 AM,Sybila Trulocke,Banana Nut Oatmeal Cups,11,6.29,31.72,Cash,Natka Gawn
460,2022-01-11,12:39 PM,Estella Jaffrey,Magnetic Curtain Tiebacks,51,2.63,81.1,Cash,Paula Fryers
461,2022-03-11,5:39 PM,Lisle Pineaux,Mini Waffle Maker,89,4.99,96.69,Cash,Nikolia Betchley
462,2022-01-15,5:41 PM,Hussein MacCourt,Frozen Fruit Medley,31,9.32,68.76,Cash,Selena Biford
463,2022-01-31,1:07 PM,Jamey Rizzardo,Car Sunshade,1,3.92,92.33,Credit Card,Sergent Stoffers
464,2022-02-21,7:54 AM,Giulia Mallock,Smart Fitness Scale,37,9.09,60.79,Mobile Payment,Catlee Abbett
465,2022-01-26,10:01 AM,Hadrian Syme,Honey Garlic Chicken,94,7.75,43.63,Cash,Merridie Treswell
466,2022-01-12,5:52 PM,Kesley Boxen,Herb Garden Planter Box,40,2.41,85.53,Credit Card,Zachariah Chatwin
467,2022-03-20,4:52 PM,Barris Accum,Multi-Layer Food Steamer,48,5.35,19.31,Mobile Payment,Sol Sollars
468,2022-01-29,5:56 PM,Marika Hannabus,Pumpkin Spice Cookies,70,2.48,14.89,Credit Card,Marlee Pegrum
469,2022-01-24,8:31 PM,Roddy Pakeman,Weighted Blanket,43,5.04,46.69,Cash,Norby Elmore
470,2022-03-26,8:59 PM,Reinhold Franchioni,Bird Feeder,48,9.26,95.48,Mobile Payment,Jania Guys
471,2022-01-04,10:23 AM,Munroe Mantram,Greek Yogurt Parfait,77,8.51,69.44,Cash,Tann Jobbins
472,2022-01-12,9:38 PM,Star Kealy,Buffalo Wing Sauce,41,9.33,85.58,Mobile Payment,Denver Buey
473,2022-02-26,1:49 AM,Margaux Colafate,Buffalo Chicken Dip,58,5.1,62.96,Credit Card,Truda Attock
474,2022-01-23,3:05 PM,Daffy Glusby,Fashionable Belt Bag,36,8.13,38.59,Credit Card,Merrily Proudler
475,2022-01-02,10:27 AM,Emelda Gebb,Coconut Curry Lentils,95,4.79,83.35,Cash,Vachel Innocenti
476,2022-01-29,9:44 PM,Thor Tillard,Magnetic Phone Case,28,4.22,72.09,Cash,Sarina Lindroos
477,2022-01-23,6:34 PM,Ynez Botwood,Greek Yogurt,48,7.28,66.9,Cash,Clemmie Morden
478,2022-01-11,5:20 PM,Salli Di Antonio,Portable Pet Stroller,54,5.12,69.23,Credit Card,Manfred Bidewel
479,2022-01-29,12:40 PM,Prudy Wibrow,Mini Indoor Herb Garden Kit,49,6.53,14.98,Credit Card,Jessa Posten
480,2022-02-24,12:06 PM,Jemima Vye,LED Disco Ball Light,60,9.86,70.11,Mobile Payment,Donnamarie Hatliff
481,2022-02-20,5:10 AM,Carla Aberkirder,Tea Set with Infuser,85,6.3,89.02,Cash,Andriana Hacun
482,2022-01-12,5:41 AM,Avrit Jeans,Garlic Herb Marinade,96,6.44,10.45,Mobile Payment,Emmott Slocomb
483,2022-01-17,3:24 AM,Giulia Summerlee,Reclining Camping Chair,49,9.15,7.4,Mobile Payment,Gilly Haggis
484,2022-01-16,2:51 PM,Lyon Botly,Quinoa and Kale Salad Kit,75,2.26,5.22,Cash,Izaak Bertholin
485,2022-02-03,2:07 AM,Donnamarie Scandrett,Biodegradable Dog Waste Bags,40,6.16,81.21,Cash,Issie Fleming
486,2022-01-25,11:46 AM,Cazzie Wragge,Balsamic Glazed Brussels Sprouts,92,2.18,65.03,Cash,Husein Lundon
487,2022-03-30,6:06 PM,Wesley Blewmen,Vegetable Fried Rice,65,7.06,47.77,Credit Card,Jacqui Empson
488,2022-01-29,8:38 PM,Donna Woolforde,Kids' Art Supplies Kit,80,4.78,96.06,Cash,Mollee Borge
489,2022-02-22,12:10 AM,Leonelle Kummerlowe,Fruit & Nut Trail Mix,67,7.92,28.29,Credit Card,Dalis Hosburn
490,2022-02-26,4:49 PM,Theresina Sketcher,Chipotle Seasoning Blend,49,8.41,64.63,Credit Card,Bevan Gerraty
491,2022-02-20,4:31 AM,Sebastiano Leband,Waterproof Rain Boots,87,8.33,28.61,Mobile Payment,Carolan Sharvill
492,2022-01-19,12:24 AM,Sophronia Bathow,Fashionable Scarves Set,34,7.78,61.39,Credit Card,Nettle Feavyour
493,2022-02-09,6:04 PM,Sterling Spratt,Dog Walking Waist Pack,1,3.6,88.18,Cash,Talya Trymme
494,2022-02-07,8:02 PM,Ronald Itshak,Portable Solar Path Lights,27,5.57,95.72,Mobile Payment,Davide Reiner
495,2022-02-24,2:58 PM,Maxie Meiner,Magnetic Chess Set,2,6.47,11.66,Cash,Elden Pirrie
496,2022-03-06,7:51 PM,Nicolas Habercham,Bamboo Bathtub Caddy,93,7.67,82.16,Credit Card,Bink Ropkins
497,2022-03-14,9:56 AM,Vanna Romaine,Pumpkin Spice Latte Mix,7,4.35,60.51,Credit Card,Casey Wards
498,2022-02-10,8:09 PM,Garfield Schubbert,Apple Cinnamon Breakfast Muffins,76,6.26,77.59,Mobile Payment,Betti Readwing
499,2022-01-02,10:50 PM,Meredith Krink,Rustic Italian Breads,49,6.52,80.74,Mobile Payment,Madlin Waylen
500,2022-03-15,6:03 PM,Marten Vaar,Couscous,89,9.3,76.73,Credit Card,Kimbra Bunclark
501,2022-01-10,2:45 PM,Alf Wasling,Sea Salt Caramel Popcorn,49,8.46,95.95,Mobile Payment,Garald Murrhaupt
502,2022-02-16,10:31 PM,Rodge Brougham,Silicone Baking Molds,81,2.22,94.79,Cash,Wilona Farriar
503,2022-02-20,3:30 PM,Oliy Gaishson,Chipotle Black Bean Salad,52,9.57,99.35,Mobile Payment,Casandra Wudeland
504,2022-03-17,11:19 AM,Riva L'oiseau,Blue Corn Tortilla Chips,79,1.86,40.59,Mobile Payment,Petrina Cruikshanks
505,2022-03-29,8:41 PM,Terrie Middle,Digital Thermostat,34,3.87,98.97,Cash,Vanessa Lorant
506,2022-03-10,1:57 PM,Idalia Nottram,Lemon Sorbet,24,7.6,88.37,Mobile Payment,Dougie Attew
507,2022-02-25,11:25 PM,Gardy Rycraft,Pineapple Coconut Rice Mix,35,8.99,54.5,Credit Card,Flori Naismith
508,2022-02-02,2:03 AM,Dulcie Foxley,Vegetable Fried Rice,85,9.58,7.92,Credit Card,Dionisio Wholesworth
509,2022-01-24,1:25 PM,Libbey Toward,Salt and Pepper Grinder Set,6,9.88,66.65,Credit Card,Karly Challoner
510,2022-01-22,10:47 PM,Isaac Normington,Emergency Preparedness Kit,50,3.19,19.73,Credit Card,Kiley Hugland
511,2022-03-27,10:03 AM,Cassie Szwandt,Buffalo Style Cauliflower Bites,81,5.31,37.64,Mobile Payment,Fanchette Ilewicz
512,2022-02-07,8:25 PM,Hobart Safhill,Ice Cream Maker,78,9.13,15.87,Mobile Payment,Archaimbaud Scantleberry
513,2022-01-16,11:47 PM,Hal Kanzler,Potato Wedge Seasoning,50,8.14,86.32,Mobile Payment,Jehu Dunckley
514,2022-03-17,11:29 AM,Gradeigh Bundey,Nutritional Yeast,50,7.29,89.09,Credit Card,Gill Edleston
515,2022-03-26,10:02 AM,Ann Livingston,Herb Drying Rack,70,9.68,47.74,Cash,Lynde Jeanet
516,2022-03-06,5:06 AM,Wandis Reignard,Bamboo Bathtub Caddy,66,6.43,94.93,Mobile Payment,Griffy Bladon
517,2022-03-28,6:21 PM,Imelda Relton,Salsa Verde,63,2.69,34.44,Credit Card,Ewen Vineall
518,2022-03-21,3:27 PM,Karyl Handford,Compact Folding Table,98,3.14,62.77,Credit Card,Yetta Beven
519,2022-01-06,4:37 AM,Alister Hexter,Inflatable Party Cooler,97,4.03,32.04,Cash,Ninnetta Chaffer
520,2022-03-30,7:22 AM,Wallace Shaw,Classic Beef Chili,31,5.65,8.33,Credit Card,Ivan Moulster
521,2022-01-21,1:26 PM,Alan Shrimptone,Toasted Coconut Granola,19,9.55,91.83,Mobile Payment,Frazier Mayston
522,2022-03-23,5:07 PM,West Djokic,Creamy Garlic Mashed Potatoes,66,9.51,40.48,Mobile Payment,Rollin Tohill
523,2022-01-02,10:22 PM,Di Hartburn,Electric Rice Cooker with Steamer,54,5.61,22.25,Credit Card,Arlie Ludlow
524,2022-01-17,1:24 PM,Nydia Lermouth,Wire Shelving Unit,88,9.02,26.82,Mobile Payment,Denys Antwis
525,2022-01-30,11:16 PM,Brand Kuhnhardt,Smart Fitness Scale,96,8.0,90.64,Mobile Payment,Madelle Medford
526,2022-03-08,3:23 PM,Cristine Paolucci,Peach Salsa,87,1.09,72.08,Cash,Greer Toffaloni
527,2022-02-08,12:13 AM,Pearle Warrener,Chickpea Pasta,32,4.96,88.74,Mobile Payment,Eziechiele Clarey
528,2022-03-29,11:52 AM,Ab Caves,Pet Bed,55,8.67,75.42,Cash,Loella Kordovani
529,2022-03-30,12:10 PM,Tadio Saines,Fitness Tracker,23,4.58,75.68,Credit Card,Korella Mendel
530,2022-02-11,6:21 PM,Augusta Esby,Smart Plant Monitor,83,7.88,41.16,Credit Card,Brier Delmonti
531,2022-01-16,12:13 PM,Alix Ortell,Basil-infused Olive Oil,69,5.67,21.49,Credit Card,Chrotoem Rankling
532,2022-02-17,10:52 AM,Juliet Fiddian,Pet Grooming Scissors,51,9.79,29.07,Cash,Giffie Golbourn
533,2022-01-07,3:13 AM,Retha Swainson,Classic Vanilla Fudge,2,3.98,47.29,Cash,Cameron Sawley
534,2022-03-10,5:43 AM,Zena Fenge,Chocolate Chip Muffins,65,4.41,97.14,Credit Card,Brandea Bodemeaid
535,2022-01-05,1:35 PM,Harmonia Gatlin,Gardening Tool Belt,39,7.51,51.45,Cash,Evered Scedall
536,2022-03-21,1:19 AM,Anna-diane Going,Pet Grooming Brush,71,8.66,95.03,Credit Card,Karena Roullier
537,2022-01-21,8:06 AM,Emmott Bawme,Toilet Paper (12 rolls),45,7.91,64.56,Mobile Payment,Iormina Norcock
538,2022-02-16,8:02 PM,Marlyn Creighton,Maple Cinnamon Granola,73,3.74,46.05,Credit Card,Farly Leve
539,2022-02-02,4:57 AM,Yuma Woodyeare,Cinnamon Sugar Mix,38,2.85,8.5,Credit Card,Emmery Dewsbury
540,2022-03-13,6:03 PM,Clemmy Hearse,Smart Fitness Scale,73,6.23,33.26,Cash,Roselia Guillet
541,2022-02-05,3:45 AM,Maure Meachem,Handmade Leather Journal,68,5.33,34.67,Credit Card,Germain Netley
542,2022-01-28,6:44 AM,Wendeline Pocock,Insulated Lunch Box,30,8.47,76.99,Credit Card,Harwell Necrews
543,2022-01-01,4:54 PM,Perla Marcham,Organic Green Apples,85,5.89,35.72,Mobile Payment,Perla Bullin
544,2022-03-29,6:35 AM,Desmund Ragsdale,Digital Alarm Clock,13,2.08,38.82,Credit Card,Erina Roloff
545,2022-01-31,4:31 AM,Neile Goodfield,Travel Makeup Organizer,32,7.23,64.63,Credit Card,Budd Mattiassi
546,2022-01-27,3:12 AM,Charleen Greber,Protein Bar Variety Pack,45,5.3,31.96,Cash,Koo Dorbon
547,2022-03-27,4:13 PM,Helen-elizabeth Santori,Fitness Tracker with Heart Rate Monitor,16,1.19,24.73,Mobile Payment,Edy Swynfen
548,2022-03-26,8:08 PM,Jabez Newvell,Thai Peanut Dressing,82,2.18,72.24,Mobile Payment,Merissa Cumberlidge
549,2022-01-07,2:06 PM,Hortense McKinney,Spicy Vegetable Sushi Rolls,5,3.64,17.49,Cash,Maiga Conti
550,2022-01-03,2:33 AM,Griz Sperling,Magnetic Curtain Tiebacks,72,8.98,77.16,Cash,Dasi Handford
551,2022-01-10,8:12 AM,Austin Hayter,Wall-Mounted Bookshelf,85,8.48,12.82,Credit Card,Angus Pafford
552,2022-01-03,5:27 AM,Benni Canceller,Fresh Basil Pesto,3,5.53,87.21,Credit Card,Averell Duncklee
553,2022-02-02,8:42 PM,Corilla Finn,Vegetable Broth,66,1.17,38.3,Credit Card,Francesco Skerme
554,2022-01-03,6:43 AM,Jamesy Cuss,Dried Mango Slices,23,2.58,98.16,Credit Card,Raffarty Nolli
555,2022-03-01,1:24 PM,Rosemarie McRamsey,Oven-Baked Potato Chips,92,8.49,31.09,Cash,Sabrina Normanvell
556,2022-02-10,7:50 AM,Joelle Gurge,Avocado Oil,65,3.01,50.02,Cash,Nadiya Elster
557,2022-03-11,7:06 PM,Rowney Jeannenet,Artisan Bread Loaf,94,6.16,76.5,Cash,Nettie Dinis
558,2022-03-15,9:35 AM,Hansiain Chennells,Hibiscus Tea Bags,23,4.45,73.35,Cash,Cosette Batchley
559,2022-01-26,8:48 AM,Basile Rivallant,Asian Noodle Salad Kit,45,3.92,62.1,Mobile Payment,Daune Killingbeck
560,2022-01-31,8:08 AM,Buddy Daubeny,Car Escape Tool,41,4.33,24.76,Mobile Payment,Cassey Hadlington
561,2022-03-05,2:30 PM,Dolores Shillam,Pumpkin Waffles,33,2.79,11.07,Cash,Nancie Zuann
562,2022-03-05,5:52 PM,Reider Sandle,Travel Size Toiletry Bottles,52,1.74,70.26,Cash,Brigid De Metz
563,2022-01-28,12:59 PM,Robyn Rorke,Memory Foam Mattress Pad,28,1.4,77.36,Mobile Payment,Sergio Jurczik
564,2022-03-01,4:22 AM,Melly Lincoln,Tuna Fish (canned),91,8.68,29.88,Mobile Payment,Kiele Skelly
565,2022-03-09,11:16 AM,Rachel Allbrook,Smart WiFi Plug,59,3.78,92.31,Mobile Payment,Eddy Abrahami
566,2022-01-21,1:26 PM,Tanya Hackly,Organic Coconut Yogurt,94,9.28,67.5,Cash,Cristal Medway
567,2022-02-20,11:42 AM,Latashia Goggey,Honeycrisp Apple Chips,86,5.46,15.63,Mobile Payment,Margette Eyres
568,2022-03-24,2:10 PM,Maryann Fender,Chicken Broth,43,7.91,69.9,Mobile Payment,Gibby Antrack
569,2022-02-05,3:43 PM,Hildagarde Barwell,Buffalo Chicken Wraps,32,5.85,16.83,Cash,Flory Zahor
570,2022-03-13,9:53 PM,Chico Mahony,Chocolate Dipped Fruit,8,1.85,27.09,Cash,Susie Fowle
571,2022-01-10,4:31 AM,Carey Ommanney,Eco-Friendly Yoga Blocks,60,2.06,96.12,Cash,Dwight Di Dello
572,2022-01-28,5:34 AM,Izaak Taffee,Kettle Chip Variety Pack,50,2.44,10.8,Mobile Payment,Vergil Rosengren
573,2022-03-11,5:14 AM,Vicky Wardrop,Fitness Balance Ball,38,6.55,47.52,Cash,Vivianna Morrid
574,2022-03-16,4:45 PM,Katie Lilie,Vegetarian Stuffed Peppers,89,1.94,73.43,Mobile Payment,Bondon Montes
575,2022-03-10,2:19 PM,Trey Swinford,Sweet Chili Sauce,25,5.66,24.45,Credit Card,Bethena Haydock
576,2022-02-05,1:40 PM,Inessa Moodie,Pumpkin Ice Cream,58,8.26,58.52,Mobile Payment,Kare Greening
577,2022-01-14,12:26 PM,Renelle Dewhirst,Creamy Spinach Dip,70,1.95,63.48,Credit Card,Arlyne Dumbarton
578,2022-01-20,12:59 PM,Welsh Cardenoso,Organic Coconut Water,14,3.75,85.52,Mobile Payment,Ottilie Roke
579,2022-03-01,1:15 AM,Yvor Georgeau,Organic Vanilla Bean Ice Cream,87,2.95,9.09,Credit Card,Elwyn Brenard
580,2022-03-18,10:39 PM,Earl Tomley,Coconut Curry Lentils,65,5.82,90.53,Credit Card,Arly Jillins
581,2022-01-01,7:43 PM,Roger Gatch,Floral Wrap Top,60,4.22,60.91,Cash,Erminia Moreland
582,2022-03-02,8:57 AM,Ardelia Whittock,Laptop Backpack,84,6.09,12.56,Cash,Gram Heinke
583,2022-01-15,1:27 PM,Adey Kreuzer,Veggie Chips Variety Pack,62,3.97,38.64,Mobile Payment,Antonetta Furmston
584,2022-03-27,3:13 AM,Farrand Dwire,Lemon Basil Pasta Sauce,92,4.56,91.07,Credit Card,Latashia Adamik
585,2022-01-10,5:46 PM,Jermaine Pinder,Slingback Sandals,36,6.57,89.47,Credit Card,Rosette Kryszkiecicz
586,2022-01-12,6:07 PM,Kay Loghan,Golf Polo Shirt,88,7.81,50.36,Mobile Payment,Octavius Castagnet
587,2022-01-04,2:47 PM,Lizbeth Riep,Luxe Velvet Blazer,21,2.14,84.25,Cash,Karisa Sharkey
588,2022-01-24,6:24 PM,Zitella Bottrell,LED Table Lamp,55,9.07,52.36,Cash,Peterus Defrain
589,2022-01-03,1:15 AM,Averyl Bartocci,Travel Shoe Bags Set,74,4.58,55.27,Credit Card,Dora Gartrell
590,2022-02-09,7:48 PM,Sadie O'Kinneally,Luminous Night Light,90,1.99,24.41,Mobile Payment,Miltie Loughlin
591,2022-02-21,7:49 PM,Sauveur Farndale,Under Desk Footrest,57,9.02,17.42,Mobile Payment,Dion Duddell
592,2022-03-08,8:19 PM,Anson Darrington,Peanut Butter Filled Pretzels,58,7.83,43.49,Credit Card,Corly Dulen
593,2022-02-19,3:19 AM,Jaymie Gaisford,Electric Opener for Jars and Bottles,79,9.1,58.29,Credit Card,Lena Coale
594,2022-02-22,10:21 PM,Alfi Tamsett,Oatmeal Raisin Cookies,27,4.78,6.61,Credit Card,Mathias Larrosa
595,2022-03-11,6:06 PM,Yvon Crocket,Andouille Sausage,52,9.56,58.05,Credit Card,Lian Purcer
596,2022-02-21,8:20 AM,Hollie Blythin,Home Cleaning Robot,98,9.52,37.66,Cash,Yvonne Hazel
597,2022-01-16,11:46 AM,Bernardine Kendrick,Sweet Potato Mash,90,2.62,30.88,Cash,Nevins Candish
598,2022-02-09,4:28 AM,Anne Glanister,Stylish Wide-Leg Trousers,54,3.43,69.0,Mobile Payment,Fredra Verrillo
599,2022-03-15,11:06 AM,Howie Scotchbrook,Cajun Seasoning,57,8.95,26.88,Credit Card,Mateo Bissett
600,2022-03-18,8:06 PM,Rose Skillett,LED Christmas Tree Lights,43,7.66,61.78,Credit Card,Dex Zamudio
601,2022-01-04,5:07 AM,Allister Lacroix,Sweet Potato Noodles,80,2.33,89.54,Mobile Payment,Rubi Vinas
602,2022-03-23,4:02 AM,Shirlee Slevin,Lightweight Workout Tank,44,1.42,67.29,Credit Card,Mitch Barme
603,2022-01-17,10:21 AM,Cleavland Quaintance,Smoked Paprika,72,7.73,28.0,Cash,Grantham Challicum
604,2022-03-14,5:03 PM,Elset Fetherby,Portable Hand Warmer,90,8.45,22.59,Mobile Payment,Crissy Hacksby
605,2022-01-06,12:56 AM,Urbano Dennington,Pineapple Coconut Bars,95,5.29,43.97,Credit Card,Josias Elies
606,2022-01-07,7:57 PM,Early McGarrahan,Magnet Travel Fridge Magnets,86,4.94,33.45,Mobile Payment,Valle Hannent
607,2022-01-19,2:06 AM,Care Pohl,Gluten-Free Biscuits,84,9.17,87.51,Mobile Payment,Wade Creek
608,2022-03-29,1:05 AM,Brooke Summers,Banana Nut Muffins,47,1.98,76.24,Mobile Payment,Dione Umpleby
609,2022-03-29,10:47 AM,Tallia Bastide,Coconut Cashew Yogurt,57,9.0,17.91,Cash,Janet Carmen
610,2022-02-18,6:29 AM,Lexine Sholl,Lightweight Rain Jacket,6,1.57,96.9,Credit Card,Andy Lodovichi
611,2022-01-09,12:14 PM,Julieta Lampitt,Vegetarian Pizza,1,5.7,27.64,Mobile Payment,Maury Antognazzi
612,2022-01-27,10:06 PM,Fabian Heads,Multi-Function Smartphone Holder,19,3.03,53.92,Credit Card,Xenos Vaughan
613,2022-02-02,10:00 AM,Carce Gloyens,Sweetened Condensed Milk,61,3.44,46.17,Mobile Payment,Bronson Seifenmacher
614,2022-03-20,2:24 AM,Merralee Gianuzzi,Teriyaki Beef Jerky,100,5.12,29.9,Cash,Sherline Vaillant
615,2022-03-11,2:38 AM,Hillie Panting,Waterproof Rain Boots,60,3.75,50.0,Cash,Giovanni Fills
616,2022-01-11,9:47 PM,Eva Torra,Coconut Rice,32,9.37,94.38,Cash,Stirling Sainsbury
617,2022-03-02,12:40 AM,Yalonda O' Faherty,Spicy BBQ Sauce,86,5.05,5.28,Cash,Van Kebbell
618,2022-02-01,10:48 AM,James Janosevic,Luxury Bathrobe,65,5.01,18.24,Credit Card,Perla Kyllford
619,2022-01-15,10:03 AM,Anissa McIlvoray,Savory Trail Mix,10,9.94,90.11,Credit Card,Wain Dearan
620,2022-03-11,2:09 AM,Waldemar Murrock,Cauliflower Crust Pizza,41,2.48,83.09,Cash,Ced Coull
621,2022-02-19,1:44 AM,Mandel Bothen,Camping Tent,22,1.31,92.07,Mobile Payment,Colin Libermore
622,2022-01-25,11:55 AM,Loutitia Dongles,Pet Water Fountain with Filtration,17,6.41,76.43,Mobile Payment,Sid Wheelband
623,2022-02-25,4:07 AM,Lia Gindghill,Almond Coconut Granola,3,5.44,71.42,Credit Card,Oates Cersey
624,2022-01-09,3:59 PM,Johnny Patterson,Spicy Beef Taco Mix,17,3.87,73.7,Mobile Payment,Fidelio Wreak
625,2022-01-16,5:58 AM,Ardelia Phythian,Bluetooth Tracker,81,3.87,45.11,Mobile Payment,Smitty Kisar
626,2022-02-06,9:11 AM,Daphne Local,Shoe Organizer,68,9.84,5.88,Mobile Payment,Clim Matusevich
627,2022-03-10,11:14 AM,Milly Darbishire,Coconut Granola,30,6.8,36.05,Cash,Druci Antoniades
628,2022-02-15,2:15 AM,Zebulon Bitcheno,Protein Powder,61,3.0,53.42,Cash,Waly Blaxlande
629,2022-02-14,1:26 AM,Clerissa Mackness,Cinnamon Roll Kit,21,4.48,30.83,Credit Card,Rutter Schankel
630,2022-01-27,4:18 AM,Maye Harmstone,Maple Syrup,20,3.96,34.46,Credit Card,Elton Diggens
631,2022-01-21,10:41 AM,Sindee Dincke,Classic Chicken Noodle Soup,47,2.81,65.33,Mobile Payment,Auberta Crissil
632,2022-01-05,6:02 AM,Hermann Kingcote,Smartphone UV Sanitizer,59,5.33,14.1,Cash,Candida Grube
633,2022-02-17,7:59 PM,Riki Brumham,Energy Bites,10,9.86,27.31,Credit Card,Meade Maltster
634,2022-02-01,2:38 AM,Alphard Cawthry,Dog Training Collar,58,8.28,91.43,Mobile Payment,Coralyn Woloschin
635,2022-01-21,11:47 AM,Cari Evanson,Organic Granola,1,4.19,88.82,Cash,Brewer Flecknoe
636,2022-03-15,4:55 AM,Coletta Leve,Cork Yoga Mat,72,8.63,76.43,Mobile Payment,Danielle Wallach
637,2022-02-25,7:59 PM,Kimberley Lamberts,Crafting Kit,42,6.97,11.99,Credit Card,Ambrosius Brum
638,2022-02-11,10:39 PM,Agna Lippett,Pet Grooming Glove,45,5.92,56.22,Cash,Lynsey Blomfield
639,2022-01-30,6:51 AM,Bette Diggar,Personalized Keychain,44,6.15,23.03,Mobile Payment,Trix Enser
640,2022-03-08,9:37 AM,Ardine Trahair,Basmati Rice,80,9.4,69.48,Cash,Katerina Schieferstein
641,2022-02-03,4:16 PM,Norean Goodband,Bamboo Utensil Holder,81,8.31,83.67,Mobile Payment,Cass Chasier
642,2022-03-10,4:46 AM,Rita Simpkin,Sweet Cherry Tomatoes,80,1.47,6.89,Mobile Payment,Melody Jery
643,2022-03-18,5:38 PM,Ezri Logan,Silicone Baking Mat,95,6.83,45.39,Cash,Gwenora Owers
644,2022-02-02,10:06 PM,Martguerita Beenham,Vegan chocolate chip cookies,2,1.11,33.78,Credit Card,Reinold Roisen
645,2022-01-26,11:09 PM,Henka MacMichael,Organic Black Bean Burger,28,3.73,47.82,Mobile Payment,Russell Napoli
646,2022-02-17,7:11 PM,Row Segrave,Black Bean Soup,73,3.05,80.82,Credit Card,Aldon Roddick
647,2022-02-01,7:39 AM,Gwyneth Myderscough,Fitness Resistance Bands Kit,29,2.13,68.93,Cash,Reiko Gomery
648,2022-02-15,8:59 AM,Ermentrude Dennick,Kids' Science Experiment Kit,34,9.64,43.37,Mobile Payment,Cissiee Leitch
649,2022-02-09,4:28 PM,Shaughn Tieraney,Honey Roasted Almonds,73,9.93,45.99,Mobile Payment,Ira Mattis
650,2022-03-27,10:12 PM,Beulah Royall,Honey Nut Cheerios,34,8.96,72.07,Credit Card,Rebecca Bogie
651,2022-01-28,1:38 AM,Jamaal Leeves,Whole Grain Cereal,38,8.43,69.11,Mobile Payment,Alexia Furber
652,2022-01-14,6:24 AM,Jessie Poundesford,Outdoor Mosquito Repellent Lantern,33,3.74,32.4,Mobile Payment,Corrina Bonellie
653,2022-02-25,11:26 PM,Meyer Goley,Bicycle Lock,16,4.91,19.09,Cash,Livvy Sidery
654,2022-02-19,1:04 PM,Mylo Gilman,Kids' Outdoor Explorer Kit,59,9.21,23.63,Mobile Payment,Veronique Halwell
655,2022-01-22,5:39 AM,Delcine Kauscher,Collapsible Water Bottle,7,6.44,95.88,Mobile Payment,Patty Aisbett
656,2022-01-14,11:09 AM,Agnes Duthie,Apple Cinnamon Oatmeal,85,7.18,29.55,Mobile Payment,Marten O'Curran
657,2022-03-21,8:01 AM,Piotr Brigginshaw,Phone Screen Protector,89,8.83,46.36,Credit Card,Vivian Beatty
658,2022-03-16,5:20 AM,Isak Cline,Pistachio Ice Cream,2,7.96,86.64,Mobile Payment,Zarla Brunsen
659,2022-01-30,11:53 PM,Marven Mulholland,Classic White T-Shirt,91,1.58,50.84,Cash,Harald Wimms
660,2022-01-11,9:33 PM,Harrie Erricker,Outdoor Adventure Kit,63,7.94,55.42,Credit Card,Effie Hearon
661,2022-01-24,12:36 AM,Nelle Dace,Smart Wi-Fi Light Bulbs,84,8.14,81.76,Mobile Payment,Lloyd Fist
662,2022-02-21,4:45 PM,Meg Pigrome,Coconut Chips,8,3.72,94.54,Mobile Payment,Darci Yashunin
663,2022-03-11,1:35 PM,Emilie Itzak,Banana Nut Oatmeal Cups,87,9.33,26.48,Mobile Payment,Aldric Kryszkiecicz
664,2022-03-15,6:40 PM,Aldrich Yetts,Sesame Noodles,69,3.37,92.01,Cash,Niki Rubbert
665,2022-03-30,9:13 AM,Tamarra Downage,Coloring Books for Adults,3,1.93,70.13,Cash,Fedora Littlepage
666,2022-01-05,5:21 AM,Cathe Binnall,Lentil Soup,5,6.5,39.8,Credit Card,Salaidh Ommundsen
667,2022-03-12,8:26 AM,Ric Valentin,Digital Wireless Meat Thermometer,21,8.3,15.77,Cash,Harli Emilien
668,2022-03-29,2:49 AM,Cchaddie Quinn,Lemon Lime Sparkling Water,59,2.23,45.98,Credit Card,Vanni Cuvley
669,2022-02-03,1:30 PM,Wilhelmine Gallymore,Organic Vanilla Bean Ice Cream,92,2.89,59.9,Credit Card,Jania Masedon
670,2022-01-08,1:42 AM,Opaline Beales,Skincare Fridge,35,6.46,10.1,Credit Card,Dene Rawlcliffe
671,2022-01-27,4:31 PM,Marcie McQuaide,Lemonade Mix,22,3.75,21.71,Mobile Payment,Jonie Hemerijk
672,2022-02-17,3:12 PM,Jodee O'Codihie,Electric Pressure Washer,42,1.74,77.04,Mobile Payment,Adolphe Scoggin
673,2022-01-01,7:38 PM,Nerte Fruen,Warm Knit Beanie,47,2.95,39.46,Cash,Averill Ryam
674,2022-01-27,6:10 PM,Louisa Dorgan,Pasta (Linguine),17,9.04,62.76,Cash,Modesty Collison
675,2022-01-30,2:19 PM,Allen Bools,Zesty Garlic Marinade,5,7.63,97.82,Cash,Jacquelin Fenge
676,2022-03-20,1:46 AM,Bobinette Greber,Organic Fruit Salad,91,9.97,38.77,Credit Card,Patrice Gynni
677,2022-02-02,5:05 AM,Curtis Van Son,Spicy Tuna Rolls,23,5.53,70.07,Cash,Kaylyn MacKilroe
678,2022-01-18,12:46 PM,Mia Petri,Portable Ice Maker,53,5.17,56.44,Mobile Payment,Noella Fiddeman
679,2022-01-06,6:06 PM,Hamilton Spilsburie,Ultra-Thin Laptop Sleeve,7,1.11,38.44,Credit Card,Filmore Gronauer
680,2022-02-19,12:09 PM,Irita Castanie,Sweet Cherry Tomatoes,79,4.74,62.36,Cash,Osborne Keunemann
681,2022-01-16,3:38 PM,Nigel Harty,Pressure Cooker,86,3.0,22.88,Mobile Payment,Marcelo Schechter
682,2022-02-23,9:19 AM,Giustina Sickling,Terry Cloth Robe,18,9.84,14.89,Credit Card,Charley Curston
683,2022-03-30,2:06 AM,Kayla Benny,Nail Polish Set,57,8.01,91.58,Cash,Danielle Milleton
684,2022-02-03,9:54 PM,Tybalt Curlis,Folding Pocket Knife,89,6.98,66.06,Mobile Payment,Vince Bousfield
685,2022-01-17,6:32 PM,Bogey De Zamudio,Pineapple Coconut Bars,23,6.23,84.64,Mobile Payment,Daveen Sullens
686,2022-02-02,2:28 PM,Sile Lillow,Bluetooth Headphones,39,8.67,60.27,Credit Card,Solomon Jardin
687,2022-02-25,6:57 PM,Giustino Jamblin,Frozen Edamame,57,8.04,13.29,Mobile Payment,Davy Greenalf
688,2022-03-02,7:37 AM,Fancie Iacomo,Window Blinds,83,9.32,72.54,Cash,Lanette Burk
689,2022-03-11,9:06 AM,Yanaton McMeyler,Wireless HDMI Transmitter,99,6.25,29.6,Mobile Payment,Robinia McCaighey
690,2022-03-02,4:12 PM,Felice Boss,Stuffed Bell Peppers,32,7.58,67.75,Mobile Payment,Mella Korneichuk
691,2022-03-20,2:15 AM,Freddy Caillou,Chocolate Raspberry Tart,67,4.06,58.68,Credit Card,Lottie Starling
692,2022-02-13,4:59 AM,Lincoln Warner,Whisk Set,97,1.16,39.77,Credit Card,Florian Cadany
693,2022-02-11,12:30 PM,Allegra Battin,Kettle Chip Variety Pack,42,6.47,21.52,Mobile Payment,Matthaeus Fosse
694,2022-02-06,10:38 PM,Addi Eardley,Pet Grooming Gloves,81,7.1,45.37,Credit Card,Laurens Balshaw
695,2022-01-01,9:03 PM,Estelle Philipsohn,Silicone Ice Cube Tray,21,1.93,81.54,Cash,Shanda Gammon
696,2022-03-09,7:18 AM,Sabrina Sandle,Glass Tea Pot,43,7.83,5.27,Mobile Payment,Piper Guirau
697,2022-03-09,7:46 AM,Eldon Konrad,Pepperoni Pizza Roll-Ups,80,7.29,22.16,Credit Card,Rhett MacMechan
698,2022-02-05,8:30 AM,Olia Iwanicki,Organic Quinoa,64,1.48,82.9,Mobile Payment,Reed Byrd
699,2022-02-12,4:08 AM,Carolee Gregr,Hiking Gaiters,66,5.99,76.27,Cash,Claresta Cogdell
700,2022-03-11,9:30 PM,Rutger Abramovic,Vegan Mac & Cheese,88,1.87,96.44,Cash,Ida Isaacson
701,2022-01-08,9:25 AM,Donnell Prevost,Herbal Tea Set,100,3.52,73.91,Credit Card,Leonelle Soro
702,2022-01-05,9:31 AM,Carlyle Doerffer,Tailored Dress Pants,96,7.59,8.78,Cash,Xylia Longwood
703,2022-02-26,2:29 AM,Kassey Panichelli,Cheddar Cheese Slices,64,8.81,64.14,Credit Card,Ameline Samart
704,2022-03-23,5:45 AM,Martino Burfield,Almond Flour,22,9.19,28.89,Cash,Desi Center
705,2022-02-16,9:41 PM,Irv Klemencic,Portable Massage Table,2,3.66,67.63,Mobile Payment,Flint Franzelini
706,2022-01-11,5:57 PM,Cloe Cosstick,Spiced Pumpkin Soup,6,8.92,9.13,Cash,Saunder Fells
707,2022-02-18,3:27 PM,Ellissa Haukey,Organic Blueberries,29,4.81,38.42,Mobile Payment,Shell Coulling
708,2022-03-18,4:05 AM,Henka Rissen,Organic Granola,71,9.52,30.48,Mobile Payment,Yehudit Roberti
709,2022-03-06,9:56 PM,Elianore Huortic,Garlic Breadsticks,65,6.38,57.18,Mobile Payment,Andreas McNeilley
710,2022-01-07,1:04 PM,Odella Blonden,Apple Pie Filling,26,8.33,57.41,Credit Card,Cristobal Foston
711,2022-03-30,11:13 AM,Cheryl Toffanini,Free-Range Eggs,43,1.77,33.74,Cash,Conni Leadbitter
712,2022-01-11,1:48 PM,Lewes Congreve,Ginger Tea,99,5.24,91.56,Cash,Arnie Bau
713,2022-02-14,9:03 AM,Vladimir Waghorne,Spicy Chicken Wings,29,9.88,69.72,Credit Card,Galina Bault
714,2022-02-24,3:44 AM,Zia Giannoni,Grapes (red),45,4.05,72.98,Mobile Payment,Marybeth Tomicki
715,2022-03-04,7:41 AM,Stan McMahon,Whole Roasted Chicken,72,5.76,14.87,Credit Card,Rodger MacFadin
716,2022-01-23,10:59 AM,Darelle Jouandet,Garden Tool Belt,83,4.51,23.51,Cash,Garrott Finlason
717,2022-02-11,8:22 PM,Gabrielle Kunrad,Sturdy Bookends,34,6.24,72.82,Mobile Payment,Dorolice Rigolle
718,2022-03-29,10:16 AM,Katey O'Dea,Foldable Yoga Mat,29,5.04,27.42,Cash,Mick Barsham
719,2022-03-22,12:47 AM,Stanfield L' Anglois,Canvas High-Top Sneakers,20,1.04,90.17,Credit Card,Jonell Nelmes
720,2022-03-27,7:43 AM,Skipper Gurley,Trendy Bomber Jacket,57,4.55,76.71,Credit Card,Ricki Bootes
721,2022-01-13,9:02 AM,Roi Wigfall,Vegetable Lasagna,23,2.01,63.79,Credit Card,Kellia Kirk
722,2022-03-28,9:49 PM,Octavia Frears,Watercolor Set,40,6.83,6.42,Mobile Payment,Harmonia Scibsey
723,2022-02-20,10:28 PM,Audrye Harnott,Insulated Cooler,80,1.07,39.26,Cash,Angeline Revening
724,2022-03-15,2:25 PM,Bree McAw,Natural Peanut Butter,95,4.86,32.08,Credit Card,Byran Bucke
725,2022-03-04,5:47 AM,Laetitia Scarr,Electric Egg Cooker,61,9.73,6.89,Cash,Ward Pugsley
726,2022-01-22,8:48 AM,Andree Degli Abbati,Camping Chair,18,8.88,96.03,Cash,Quintina Roisen
727,2022-02-20,6:31 PM,Starla Drillingcourt,Teriyaki Tofu Stir-Fry,50,8.8,98.54,Credit Card,Brander Owain
728,2022-03-23,1:38 PM,Yolanthe Newey,Wall Planner,90,3.45,66.6,Cash,Anson Dudley
729,2022-01-02,4:37 AM,Sigismundo Franz,Heavy-Duty Utility Tote,79,1.82,73.73,Credit Card,Minetta Gillingham
730,2022-02-13,5:35 AM,Maurice Shoobridge,Garlic and Herb Cream Cheese,33,3.46,67.1,Mobile Payment,Saxon Tregona
731,2022-02-18,3:37 PM,Christian Skinn,Laptop Stand,100,7.67,55.98,Credit Card,Andromache Smeed
732,2022-03-20,12:52 PM,Salmon Lovie,Smart Scale,25,6.97,18.6,Cash,Melli Hesey
733,2022-01-29,1:12 PM,Alina Euesden,Spicy Vegetable Sushi Rolls,19,5.0,11.16,Cash,Latashia Northgraves
734,2022-02-26,6:04 PM,Avril Brooking,Motion Sensor Light,28,9.31,94.31,Credit Card,Kathy Kembry
735,2022-02-01,11:52 AM,Gordie McElrea,Handmade Wooden Utensil Set,57,6.86,24.34,Credit Card,Erwin Jillitt
736,2022-03-20,1:25 PM,Aggie Loney,Pineapple Coconut Rice Mix,93,6.21,44.77,Mobile Payment,Karoly Lepard
737,2022-01-17,3:48 AM,Claresta Keeling,Garden Hose,79,5.79,33.13,Mobile Payment,Mikel MacIllrick
738,2022-03-05,4:45 AM,Ollie Snoxell,Reusable Snack Bags,87,6.06,25.46,Credit Card,Coral Ruddoch
739,2022-01-24,11:32 AM,Dimitry Gooke,Pork Tenderloin,93,2.81,31.16,Credit Card,Orion Benwell
740,2022-03-05,6:38 PM,Shel Cresser,Guitar Tuner,7,5.29,53.21,Mobile Payment,Sly Hysom
741,2022-01-01,8:27 AM,Benjie Ballendine,Adjustable Laptop Stand,78,7.52,18.33,Mobile Payment,Culley Rhucroft
742,2022-03-10,12:54 AM,Cordi Dowsett,Rechargeable Battery Organizer,72,7.62,11.26,Cash,Donia Lidgely
743,2022-02-23,11:57 PM,Latrina Rimington,Fitness Mat,19,5.62,13.65,Credit Card,Tabby Brumham
744,2022-02-13,2:26 AM,Dane Nunan,Wrap Jumpsuit,47,1.34,30.98,Credit Card,Sophronia Matushevitz
745,2022-02-21,11:41 AM,Bogart Avesque,Portable Solar Path Lights,71,8.1,56.79,Mobile Payment,Cord Gillmore
746,2022-01-13,6:07 AM,Marietta Dormon,Herbed Mushroom Risotto,60,5.1,50.92,Cash,Edan Scambler
747,2022-03-24,12:26 AM,Fraze Towsey,Lemon Basil Pasta Sauce,60,1.84,60.41,Cash,Jed Hurdis
748,2022-01-01,7:04 PM,Cinnamon Hurche,Smart Thermos,12,6.63,78.8,Cash,Pebrook MacGiolla
749,2022-01-04,5:15 PM,Cheston Christensen,Digital Voice Recorder,76,4.58,38.83,Mobile Payment,Meryl Huikerby
750,2022-01-12,12:09 AM,Katey Hammel,Vegan Mayonnaise,65,2.07,65.64,Credit Card,Sara-ann Hogsden
751,2022-01-31,12:31 AM,Neda Brittin,Wireless Music Receiver,85,6.95,14.07,Mobile Payment,Kristan Raddan
752,2022-01-20,8:15 PM,Lydie Denkin,Italian Herb Balsamic Marinade,100,1.61,10.33,Mobile Payment,Yorker Eakens
753,2022-03-07,2:37 AM,Bethina Le feuvre,Greek Yogurt Parfait,96,6.74,57.79,Credit Card,Beilul MacMeekan
754,2022-03-13,11:20 PM,Annaliese Erik,Fitness Balance Ball,4,5.74,95.6,Credit Card,Codie Hiom
755,2022-02-27,12:47 PM,Valida Lauga,Granulated Sugar,68,8.27,35.95,Cash,Anstice Wonfor
756,2022-01-24,7:24 AM,Cris Worsfold,Vegan Alfredo Sauce,30,2.81,58.78,Credit Card,Veronike Keynes
757,2022-02-21,1:11 AM,Goran Lamping,Fashionable Fanny Pack,65,3.14,10.35,Cash,Ada Legg
758,2022-02-26,7:33 PM,Shawnee Sainz,Digital Bullet Journal,33,8.6,67.27,Mobile Payment,Donetta Peppin
759,2022-03-14,7:04 AM,Olivia Kubat,Digital Wireless Meat Thermometer,55,4.28,78.05,Mobile Payment,Melany Pleuman
760,2022-01-09,3:32 PM,Agretha Kilbourn,Comfy Slippers,75,3.25,41.6,Credit Card,Becca Fortesquieu
761,2022-02-11,6:23 PM,Olenolin Gate,Decorative Wall Tapestry,13,6.88,79.26,Cash,Amity Howorth
762,2022-01-16,6:50 PM,Clo Azemar,Adjustable Pet Grooming Table,88,4.84,10.75,Cash,Stan Dennerly
763,2022-02-12,5:57 AM,Shelby Symcoxe,Electric Kettle with Temperature Control,2,6.92,33.6,Mobile Payment,Janna Coulter
764,2022-01-01,7:40 PM,Timothea Klausewitz,Caramel Apple Chips,16,7.24,64.33,Cash,Evangeline Margrem
765,2022-02-07,7:23 PM,Eva Cunradi,Basic V-Neck T-Shirt,21,6.66,94.62,Mobile Payment,Bryn Bessett
766,2022-02-26,2:47 AM,Libby Jamson,Honey BBQ Ribs,39,6.36,84.8,Cash,Karmen Cadge
767,2022-02-21,2:59 AM,Magdalena Maskell,Dark Chocolate Bars,70,5.57,30.21,Cash,Xaviera Culy
768,2022-03-26,5:17 PM,Lotty Fernez,Veggie Burger Patties,81,9.8,81.55,Credit Card,Frasier Dalbey
769,2022-03-27,9:13 AM,Fernando Gerring,Sweet Potato Tots,94,8.75,74.65,Credit Card,Hi Suttie
770,2022-03-03,11:41 PM,Gerhardine Mingardi,Cacao Nibs,29,2.33,80.28,Mobile Payment,Culver Espinho
771,2022-03-27,2:24 PM,Daphna Rizzolo,Balsamic Vinegar,50,4.17,27.19,Cash,Gunter Renehan
772,2022-01-06,8:18 AM,Kariotta Paniman,Scented Candle Set,79,2.07,58.68,Credit Card,Wye Fookes
773,2022-02-17,3:48 AM,Ariella Tour,Baked Potato Chips,90,3.01,94.56,Credit Card,Karlee Comar
774,2022-03-24,6:45 AM,Dante Ahrend,Foldable Picnic Table,69,10.0,93.11,Mobile Payment,Arley Sinclair
775,2022-01-03,12:35 PM,Jedidiah Nuscha,Car Vacuum,93,2.66,12.39,Credit Card,Aubrey Toffts
776,2022-01-28,11:13 AM,Jania Broadbear,Chocolate Fudge Ice Cream,75,3.16,43.77,Mobile Payment,Ivette Thurling
777,2022-03-06,7:57 AM,Haley Leneham,Safety Pin Dispenser,88,9.34,75.48,Mobile Payment,Jammal Laydon
778,2022-03-19,6:07 PM,Juanita Sperling,Cauliflower Crust Pizza,4,7.62,77.58,Cash,Anna-diane Greenlees
779,2022-01-30,1:38 PM,Ezmeralda Puckey,Multicolored LED Strip Lights,16,9.77,86.63,Credit Card,Odelle Whitehair
780,2022-03-18,6:24 AM,Hillyer Gotcher,Pasta (Linguine),34,3.54,74.87,Cash,Clive Connochie
781,2022-03-03,10:34 AM,Abra Heathfield,Bamboo Bathtub Caddy,64,2.54,96.9,Cash,Collen Kirkby
782,2022-02-25,4:38 AM,Matilda Icom,Bluetooth Tracker,93,6.11,40.19,Cash,Alma Jarville
783,2022-03-26,9:35 AM,Brigham Fourcade,Home Office Chair,53,4.07,95.52,Credit Card,Daryl Byllam
784,2022-01-04,10:30 PM,Cointon Spradbery,Elegant Lace Dress,51,6.31,44.8,Mobile Payment,Mort Klimshuk
785,2022-01-09,2:41 AM,Diana Vanetti,Teriyaki Chicken Bowl,79,7.75,95.31,Mobile Payment,Stephani Heiss
786,2022-02-20,8:04 AM,Allx Daenen,Dark Chocolate Almond Butter Cups,96,4.52,28.75,Mobile Payment,Moshe Trewartha
787,2022-02-13,9:44 AM,Lew Levet,Desk Lamp with USB Port,55,7.99,30.37,Credit Card,Arlin McCuish
788,2022-01-07,7:50 PM,Karlyn Roydon,Fried Rice,22,4.97,87.13,Cash,Ben Luis
789,2022-01-06,7:25 AM,August Dudenie,Computer Monitor Stand,61,1.42,68.44,Credit Card,Reeba Damrel
790,2022-01-04,9:27 AM,Gilbert Painten,Pet Hair Vacuum Attachment,76,6.13,41.7,Mobile Payment,Silvain Doblin
791,2022-03-18,5:54 PM,Freda Wasling,Handmade Wooden Utensil Set,33,2.88,46.22,Cash,Malia Gratrix
792,2022-03-06,2:41 PM,Guthrie Francesc,Portable Bluetooth Speaker,37,8.87,32.36,Mobile Payment,Finley Tabner
793,2022-01-01,1:12 AM,Pegeen Watkinson,Portable Bluetooth Speaker,97,7.51,61.15,Mobile Payment,Marleah Splaven
794,2022-02-24,11:44 PM,Samaria Yacobsohn,Portable Bluetooth Keyboard,45,4.99,36.03,Mobile Payment,Quillan Barajaz
795,2022-01-14,8:41 PM,Johnny Brunetti,Oversized Denim Shirt,52,9.42,5.79,Credit Card,Arnuad Bowlands
796,2022-03-26,8:41 PM,Shanon Row,Graphic Hoodie,67,1.46,51.4,Cash,Krista McPaike
797,2022-01-24,6:45 PM,Ignacio Lassell,Multifunctional Pocket Tool,88,5.36,78.37,Mobile Payment,Margarita Predohl
798,2022-03-30,2:17 AM,Gaylor Glasard,Electric Toothbrush,45,3.2,13.22,Credit Card,Hermy Beavan
799,2022-03-13,3:42 PM,Duky Letcher,Pistachios,73,8.8,42.68,Credit Card,Wolf Webben
800,2022-02-28,2:02 AM,Marget Torvey,Raspberry Limeade,58,7.2,42.27,Mobile Payment,Lisetta Challicum
801,2022-01-15,6:52 AM,Cherilynn Carmont,Mixed Berry Smoothie Pack,52,9.06,10.33,Mobile Payment,Leicester Hanhardt
802,2022-01-29,3:06 PM,Flinn Bulluck,Portable Phone Mug Holder,84,9.01,64.35,Mobile Payment,Jessee Minshaw
803,2022-01-12,7:10 AM,Margit Crookes,Strawberry Rhubarb Jam,7,1.07,80.46,Credit Card,Georgina Shouler
804,2022-03-15,7:05 PM,Cherlyn Lynnett,Savory Snack Mix,6,8.39,91.85,Mobile Payment,Corty Cecere
805,2022-01-04,7:59 PM,Harlene Russel,Multifunctional Pocket Tool,10,7.22,95.09,Mobile Payment,Lulita McCreedy
806,2022-02-24,7:47 PM,Adan Lundon,Kids' Gardening Kit,64,4.27,41.06,Cash,Tresa Grimmolby
807,2022-02-15,6:46 PM,Tansy Warfield,Bamboo Charcoal Air Purifier Bags,62,4.07,24.95,Credit Card,Lester Kellogg
808,2022-03-27,8:09 PM,Bobbye Huntingdon,Automatic Pet Feeder,29,5.67,83.74,Cash,Leonie Nann
809,2022-01-28,6:32 AM,Akim Erswell,Fitness Resistance Bands Kit,91,7.82,33.16,Mobile Payment,Torrey Tubbles
810,2022-03-23,4:20 AM,Paulina Yakubowicz,Miso Dressing,95,7.1,28.24,Mobile Payment,Boone Janusz
811,2022-02-20,4:06 AM,Onida Shovelbottom,Salt and Pepper Grinder Set,94,4.15,16.55,Credit Card,Rance Ibbott
812,2022-01-21,11:02 PM,Mattie Tyght,Camera Lens Cleaning Kit,78,1.0,51.54,Credit Card,Marylou Spolton
813,2022-01-15,12:08 AM,Talya Rosenkranc,Pet Grooming Glove,43,8.92,85.79,Mobile Payment,Phillipp Illem
814,2022-03-11,11:45 AM,Millisent Elden,Trendy Bomber Jacket,53,3.04,84.54,Credit Card,Vaughan Brokenshire
815,2022-02-25,11:33 PM,Zabrina McGirr,Electric Griddle with Lid,79,2.08,62.94,Mobile Payment,Marci Rosin
816,2022-02-23,12:18 PM,Verene Tattersfield,Electric Skillet,29,1.61,37.68,Mobile Payment,Leigha Van Leijs
817,2022-01-02,9:16 AM,Mavis Roseman,Almond Flour Bread Mix,97,7.49,93.33,Cash,Nealson Locard
818,2022-02-27,3:33 AM,Ilka Larman,Savory Quinoa Pudding,26,3.73,42.72,Credit Card,Spike Jeannenet
819,2022-02-10,8:29 AM,Kalindi Adcocks,Honeycrisp Apples,80,5.39,55.44,Credit Card,Kendell Harman
820,2022-01-26,3:41 AM,Wileen L'Hommeau,Compressible Packing Cubes,99,3.1,87.65,Credit Card,Aviva Blackshaw
821,2022-03-26,3:00 PM,Amelita Keller,Lentil Soup,51,1.02,76.3,Mobile Payment,Teresa McIlwaine
822,2022-03-11,9:28 PM,Michal Elkington,Classic Chicken Noodle Soup,67,8.89,68.2,Credit Card,Berthe Cominotti
823,2022-02-26,6:12 PM,Pasquale Damato,Set of Gardening Gloves with Claws,70,7.38,82.41,Credit Card,Taylor Betonia
824,2022-01-13,3:26 AM,Ezra Lithgow,Tailored Dress Pants,34,2.61,85.27,Mobile Payment,Lusa Mattecot
825,2022-03-21,3:08 PM,Emmye Boother,3D Night Light,68,5.44,99.44,Cash,Dunc Evanson
826,2022-01-04,4:37 PM,Natassia Heath,High-Low Hem Tee,92,6.33,50.36,Cash,Evanne Midghall
827,2022-03-01,4:29 AM,Wade Whitcher,Vegan Alfredo Sauce,80,3.47,66.42,Credit Card,Loella Ramelet
828,2022-02-06,3:55 PM,Ferne Minghetti,Chocolate Mint Protein Shake,35,3.27,38.11,Mobile Payment,Lynde Iacovelli
829,2022-03-26,1:25 PM,Kenn Daw,Caraway Rye Bread,22,1.59,42.94,Credit Card,Christoph Baggelley
830,2022-01-22,11:05 PM,Edd Querree,Tabletop Fire Pit,64,6.59,32.06,Mobile Payment,Noby Chark
831,2022-02-17,8:51 PM,Briny Tevelov,Fruit and Nut Medley,20,9.16,21.45,Cash,Gerald Spata
832,2022-02-10,9:24 AM,Justino Georgeot,Baking Soda,7,2.91,98.96,Credit Card,Gretchen Longmaid
833,2022-02-08,12:12 PM,Alexandrina De'Vere - Hunt,Pineapple Coconut Bars,94,9.34,7.77,Cash,Mayer Neubigin
834,2022-01-06,5:42 AM,Marcellus Carl,Compact Electric Kettle,14,8.03,98.69,Cash,Lionel Wigmore
835,2022-03-02,4:40 AM,Jade Fawdry,Kids' Crafting Station,15,9.18,6.81,Cash,Morena Aslott
836,2022-02-08,1:03 AM,Darrick Yashanov,Pet Carrier Backpack,63,7.32,25.36,Credit Card,Bab Mowles
837,2022-02-22,10:54 PM,Smitty Brittan,Sweet Potato Fries,58,9.4,95.5,Cash,Yvor Ilson
838,2022-02-01,1:37 PM,Lebbie Etchingham,Organic Coconut Sugar,24,4.11,11.04,Cash,Adolphe Waggett
839,2022-02-07,10:44 AM,Augie Molloy,LED Disco Ball Light,36,9.89,25.85,Mobile Payment,Alessandra Fidelus
840,2022-01-23,6:39 AM,Vin Straw,Reversible Swimming Pool Lounger,41,2.42,79.9,Cash,Davie Reen
841,2022-01-28,2:07 AM,Les Iban,Chocolate Mint Cookies,12,7.71,14.64,Mobile Payment,Brenn Girke
842,2022-03-25,4:24 PM,Munroe Laraway,Athletic Compression Tights,93,6.43,70.37,Credit Card,Shelby Niaves
843,2022-01-04,6:51 AM,Shaine Forshaw,Running Shorts,21,7.3,6.46,Mobile Payment,Conchita Bursnell
844,2022-01-12,3:27 PM,Kirbee Symons,Chili Beans in Sauce,69,9.0,83.78,Mobile Payment,Wildon MacCracken
845,2022-03-22,7:27 PM,Marjory Gerlts,Marinara Sauce,69,9.08,16.09,Cash,Ashleigh Ridulfo
846,2022-03-18,11:55 PM,Diannne McWhirter,Outdoor Folding Table,70,9.07,79.71,Mobile Payment,Sharyl Heathorn
847,2022-01-30,1:54 PM,Torr Stapforth,Decorative Throw Blanket,94,6.37,19.16,Credit Card,Oates Gauson
848,2022-02-06,10:20 AM,Louis Neeves,Lemon Basil Pasta Sauce,100,1.33,86.46,Mobile Payment,Fifine Levine
849,2022-02-14,1:22 PM,Micky Jeanon,Set of Measuring Spoons,32,2.35,32.69,Cash,Eunice McGahey
850,2022-03-08,12:55 AM,Madison Milson,Vegetable Potstickers,86,6.1,82.3,Cash,Weylin Scranny
851,2022-02-12,1:28 AM,Mateo Beauchop,Glass Water Bottle,74,5.05,43.21,Mobile Payment,Raquel Aust
852,2022-01-11,12:12 PM,Sancho Andresen,Electric Fondue Pot,29,8.19,80.3,Mobile Payment,Laurie McCuis
853,2022-01-17,12:08 AM,Fowler Bowhey,Sports Windbreaker,89,8.05,55.23,Credit Card,Elihu Hunnawill
854,2022-02-14,3:49 AM,Costanza Sparks,Laundry Detergent,69,6.56,87.09,Cash,Brier Lambourn
855,2022-02-27,11:49 AM,Danella Tettley,Kids' Learning Tablet,93,8.26,29.44,Credit Card,Raynell Farden
856,2022-03-26,9:07 AM,Ulrika Stephens,Phone Screen Protector,2,1.28,24.92,Mobile Payment,Packston Baxstair
857,2022-03-08,1:47 AM,Mario Phipson,Sun-Dried Tomatoes,27,3.4,44.18,Credit Card,Gaile Ropars
858,2022-01-23,2:46 AM,Adrianne Empringham,Diced Tomatoes (canned),48,8.81,64.04,Mobile Payment,Benjamen Gobel
859,2022-02-17,8:52 AM,Cleavland Tomini,Fitness Balance Ball,17,3.58,41.91,Credit Card,Griselda Lorey
860,2022-02-16,4:52 AM,Rolland McCall,Vegan Chocolate Cake Mix,6,7.44,7.71,Cash,Carlynn Chadwick
861,2022-03-09,2:32 AM,Rriocard Vasyutochkin,Mayonnaise,29,1.94,65.55,Credit Card,Eloisa Merricks
862,2022-01-12,10:04 AM,Ripley Cummine,Ginger Snaps,80,4.36,88.11,Cash,Rock Jowers
863,2022-01-09,5:20 AM,Janos Seint,Noise-Canceling Headphones,71,2.98,81.96,Cash,Eveleen Baskett
864,2022-03-09,2:26 PM,Kimball Liveing,Pumpkin Seeds,99,1.62,32.67,Credit Card,Bonnee Moneypenny
865,2022-01-08,3:50 PM,Rhea Kennford,Microfiber Cleaning Cloth Set,77,2.42,54.79,Mobile Payment,Dante Jiroutka
866,2022-03-25,5:09 PM,Corney Hotchkin,Faux Fur Coat,73,5.75,67.98,Credit Card,Marjorie Bracer
867,2022-02-05,7:07 AM,Loren Saddington,Organic Fruit Salad,64,4.03,81.36,Mobile Payment,Wain Praundl
868,2022-03-13,10:17 AM,Farica Suckling,Cauliflower Gnocchi,72,1.87,96.51,Cash,Cacilie Tatford
869,2022-03-13,4:50 PM,Irita Huke,Honey Almond Granola Bars,50,7.38,42.37,Credit Card,Gayle Lonie
870,2022-02-05,8:13 AM,Agustin Chidwick,Travel Size Toiletry Bottles,66,2.8,32.48,Cash,Vic Grouer
871,2022-03-17,8:56 PM,Ingar Tremble,Kids' Learning Tablet,91,5.45,45.04,Credit Card,Hilton Tyrie
872,2022-01-05,10:02 AM,Meggi Lade,Infrared Thermometer,38,1.49,35.38,Cash,Jeannie Dufaire
873,2022-03-09,3:02 AM,Cinda Smout,Lemon Garlic Marinade,82,4.19,24.14,Cash,Zsa zsa Marcham
874,2022-01-30,3:34 AM,Isaiah Cyphus,Sliced Bread,97,6.25,58.6,Cash,Tim Dable
875,2022-01-01,11:39 PM,Marleah Iacovucci,Cauliflower Gnocchi,5,6.95,76.88,Credit Card,Adiana Sibbs
876,2022-03-07,7:27 PM,Rois Durand,Set of Silicone Cooking Utensils,54,5.0,43.8,Credit Card,Shannen Korn
877,2022-03-20,6:52 PM,Shelby Herity,Fruit and Nut Medley,8,3.55,35.02,Credit Card,Edie Scarrott
878,2022-02-16,6:10 AM,Manuel Gollin,Adjustable Kitchen Broom Stand,3,8.71,10.03,Credit Card,Adrea Lukes
879,2022-01-10,6:16 PM,Waite Mounfield,Organic Black Rice,84,2.48,12.68,Credit Card,Patten Iston
880,2022-02-07,5:38 AM,Edd Welden,Asian Salad Mix,75,6.28,41.62,Cash,Godfree Alsobrook
881,2022-02-05,6:24 PM,Inessa Gaytor,Fresh Basil,12,9.99,13.22,Credit Card,Klement Fawks
882,2022-03-08,1:22 PM,Ilyse Grzeszczyk,LED Camping Lantern with USB Charging,14,6.06,46.6,Credit Card,Neale Beamand
883,2022-03-08,8:20 PM,Harri Patrono,Manual Coffee Grinder,49,4.9,86.02,Credit Card,Zacharie Oldcroft
884,2022-02-01,9:01 AM,Timmy Gideon,Stainless Steel Water Pitcher,42,9.26,52.57,Cash,Penelopa Sola
885,2022-03-05,4:11 PM,Karolina Brandel,Spaghetti Squash,42,5.62,11.41,Cash,Kaja Smorthwaite
886,2022-03-26,12:35 PM,Nanette Milam,Golf Polo Shirt,81,3.01,71.29,Credit Card,Eryn Wolfendell
887,2022-01-03,8:03 PM,Ely Musto,Pressure Cooker,59,4.02,16.65,Cash,Melody Gravey
888,2022-01-09,7:24 PM,Lauren Hunnable,Stainless Steel Cutlery Set,61,5.48,47.73,Credit Card,Cassie Ashley
889,2022-03-22,11:46 AM,Rickey Huntingdon,Sliced Cheese,73,9.77,29.4,Cash,Cristine Tolcher
890,2022-03-12,2:20 AM,Sibyl Griston,Banana Peanut Butter Smoothie,11,4.26,52.69,Mobile Payment,Alain Vallantine
891,2022-02-20,6:08 AM,Naomi Speir,Cabbage,97,6.9,19.22,Mobile Payment,Ulrich Prangle
892,2022-02-14,9:02 AM,Knox Croy,Pesto Pasta Sauce,77,8.98,53.66,Cash,Wood Magrane
893,2022-03-03,3:16 AM,Darcee Eadon,Almond Coconut Granola,98,5.3,28.47,Credit Card,Ransom Bautiste
894,2022-03-06,6:43 AM,Adda Duigenan,Relaxed Fit Henley Shirt,19,7.42,82.64,Cash,Darci Stirland
895,2022-01-11,12:15 PM,Harold Kerwick,Bluetooth Tracker,46,2.59,15.39,Cash,Arnaldo Ottee
896,2022-01-16,6:10 AM,Dyan Hans,Rechargeable Electric Screwdriver,36,7.22,53.73,Cash,Marice Farnin
897,2022-03-27,3:54 AM,Lynde Masterson,Fitness Jump Box,23,2.6,69.11,Credit Card,Faina Garrow
898,2022-03-15,1:01 AM,Tris Upton,Savory Breakfast Sausage,20,3.05,41.94,Credit Card,Rockey Pruce
899,2022-02-07,8:54 PM,Eddi Dooley,Greek Yogurt,61,7.62,89.09,Cash,Isabeau Briton
900,2022-02-02,12:58 PM,Jodee Nelm,Marinara Parmesan Baked Ziti,55,2.16,6.68,Cash,Nealy Lidgely
901,2022-02-15,8:21 PM,Drona Brokenshire,High-Waisted Skirt,44,5.65,81.84,Mobile Payment,Beilul Thieme
902,2022-03-11,8:12 AM,Haroun Greenstock,Sesame Garlic Noodles,29,4.32,7.89,Mobile Payment,Genevra Goosnell
903,2022-02-24,7:36 PM,Renae Abbis,Apple Cinnamon Granola,79,7.54,28.66,Cash,Kristyn Belfit
904,2022-01-17,12:49 PM,Neala Hymans,Tomato Paste,22,9.37,70.17,Credit Card,Tymon Stearn
905,2022-02-07,1:35 PM,Ashely Bridger,Portable Solar Path Lights,85,2.24,26.27,Mobile Payment,Cristina Fosdyke
906,2022-03-28,2:35 AM,Ulrike Chaudron,Pecan Nuts,17,2.39,51.63,Mobile Payment,Hamil Perrigo
907,2022-02-02,8:08 AM,Kati Gunthorpe,Spicy Hummus,32,2.54,32.24,Cash,Bernarr Ranfield
908,2022-02-18,3:04 PM,Molly Phette,Ice Cream Maker,9,3.27,60.36,Cash,Dorrie Lippini
909,2022-01-26,7:11 PM,Karil Worsnup,Savory Oatmeal Cups,62,7.76,21.74,Mobile Payment,Salmon Barniss
910,2022-03-15,9:24 PM,Ilene Carpenter,Garlic Butter Shrimp,9,8.59,49.54,Credit Card,Joelle Calladine
911,2022-01-26,11:34 AM,Emelen Adelberg,Basketball,93,8.96,28.72,Credit Card,Dorthy Stanyan
912,2022-02-22,10:09 PM,Aldis Wreakes,Chili Con Carne Mix,58,1.76,55.65,Credit Card,Phoebe Divver
913,2022-01-17,1:41 AM,Ruthe Laden,Wireless Charging Pad,17,2.14,23.8,Mobile Payment,Konrad Robker
914,2022-03-08,12:37 AM,Sydney Iamittii,Comfy Slippers,50,3.44,65.82,Cash,Aylmer Brookes
915,2022-02-22,10:26 PM,Liam Dimmer,Interactive Robot Toy,21,7.9,22.08,Credit Card,Joby Sitch
916,2022-02-14,1:24 AM,Beitris Neilly,Italian Pasta,89,6.91,44.92,Cash,Shirlene Jeffries
917,2022-03-03,12:10 AM,Malia Antoni,Corn Tortillas,100,4.01,49.79,Credit Card,Mignonne Hiscoke
918,2022-01-17,7:58 AM,Belle Leadbeater,Honeycrisp Apples,50,5.62,50.24,Cash,Georgianne Oldcroft
919,2022-03-07,7:09 PM,Milka Dicks,Banana Peanut Butter Smoothie,72,9.26,66.77,Cash,Emmy Kinneally
920,2022-02-20,7:33 AM,Claudine Thurske,Classic Cheesecake Mix,2,2.93,75.9,Credit Card,Jaymee Garrold
921,2022-01-24,2:52 PM,Alvy Killough,Peanut Butter Chocolate Chip Bars,78,1.76,54.47,Mobile Payment,Sabra Ricker
922,2022-02-11,7:31 PM,Conn Babidge,Energy Bites,45,6.08,69.94,Cash,Martyn Chinnock
923,2022-02-19,5:10 AM,Laureen McCloughlin,Vegan Mac & Cheese,4,1.74,98.51,Mobile Payment,Horace Sacaze
924,2022-01-04,2:41 PM,Hillard Gutch,Gluten-Free Bread,27,3.21,31.61,Cash,Victoir Swalwell
925,2022-03-05,10:53 PM,Camella Tomik,Non-Stick Grill Pan,99,8.59,58.52,Credit Card,Rhodie Rowat
926,2022-02-25,2:02 PM,Emmott Sopper,Tortilla Chips,37,5.53,71.3,Cash,Mavra Sircombe
927,2022-02-22,11:15 AM,Chantal Edens,Feta Cheese Crumbles,73,8.18,50.2,Mobile Payment,Royall Cubbini
928,2022-01-27,4:19 PM,Julian Spino,Sweet Potato Mash,7,4.06,15.26,Credit Card,Trude Egarr
929,2022-02-10,12:57 PM,Lefty Dobby,Apple Juice,71,9.95,38.74,Mobile Payment,Erhard Chimienti
930,2022-03-30,11:32 PM,Joby Maddy,Sporty Leggings,95,9.61,5.17,Credit Card,Freemon Stanlike
931,2022-01-09,8:00 PM,Rori Dumbare,Natural Soy Candles,46,9.24,96.34,Mobile Payment,Carey Pirrone
932,2022-01-15,3:10 PM,Hunter Robbie,Red Lentil Pasta,6,9.17,29.62,Cash,Carol House
933,2022-03-15,9:23 PM,Poul Echallie,Wireless Charging Station,69,3.53,67.64,Mobile Payment,Coop Tottie
934,2022-03-12,3:04 PM,Padget Tchir,Kids' Science Experiment Kit,67,4.13,74.82,Cash,Worthington Gayden
935,2022-03-13,8:09 PM,Uri O'Heaney,Adjustable Height Standing Desk Converter,11,6.27,35.52,Cash,Paule Fenimore
936,2022-03-22,9:28 AM,Raleigh Corner,Zesty Garlic Marinade,4,1.04,9.63,Mobile Payment,George Mignot
937,2022-02-18,4:56 AM,Dacie Drane,Balsamic Salad Dressing,69,6.62,74.13,Credit Card,Lilllie Truitt
938,2022-01-29,2:34 AM,Ninnetta Spaldin,Essential Oils Diffuser Necklace,97,7.54,15.78,Mobile Payment,Ofilia Owens
939,2022-03-04,10:22 PM,Niven Imrie,Comfort Flats,22,4.83,25.21,Cash,Charmaine Nutbrown
940,2022-03-17,2:41 AM,Padriac Kilkenny,Pet Hair Removal Brush,32,9.4,58.23,Cash,Gray D'Aubney
941,2022-01-27,8:58 AM,Carlee Mumby,Chickpea Flour,31,1.29,69.67,Mobile Payment,Jarrett Dyde
942,2022-02-19,2:19 AM,Celeste Paradin,Ground Cinnamon,25,5.42,27.18,Cash,Abey Leimster
943,2022-03-24,1:33 PM,Sherie Suddell,Teriyaki Sauce,45,8.48,67.29,Cash,Glendon Illston
944,2022-01-03,9:57 AM,Malorie Caunter,Pet Grooming Glove,78,9.44,56.51,Credit Card,Kelbee Cathery
945,2022-02-28,11:18 PM,Wilow McNirlan,Phone Case,81,7.52,50.8,Credit Card,Lesley Dengel
946,2022-03-11,9:08 AM,Justina Dumberrill,Tabletop Fire Pit,13,1.74,15.36,Cash,Silvano Reader
947,2022-01-07,1:07 PM,Morrie Folliss,Bamboo Cotton Tank Top,90,3.69,69.08,Cash,Leigha Wisniowski
948,2022-03-16,2:47 PM,Marissa Sonier,Plant Pot Drip Trays,93,4.9,72.67,Credit Card,Jenine Ulyatt
949,2022-02-05,2:45 AM,Sherlock Souness,Ranch Dressing,47,8.32,48.29,Cash,Aarika Dobrowski
950,2022-01-21,6:54 PM,Robbert Braisted,Peach Mango Smoothie,36,1.48,57.4,Credit Card,Goldina Tapper
951,2022-03-09,3:21 PM,Yorgos Mulvin,Chiffon Blouse,54,6.16,28.94,Credit Card,Shoshanna Gionettitti
952,2022-01-18,5:02 AM,Madeline Brolan,Shoe Organizer,16,4.73,90.41,Credit Card,Amargo Varndell
953,2022-03-13,11:14 PM,Lionello Abramin,Quality Chef Apron,60,3.54,49.27,Cash,Jedidiah Treker
954,2022-03-17,12:11 AM,Warde Munkton,Peanut Butter Protein Balls,100,2.09,91.79,Cash,Dallis Garment
955,2022-01-11,10:52 AM,Frannie Kroon,Peach Slices in Syrup,42,3.52,23.2,Cash,Deanne Neesham
956,2022-02-24,11:52 AM,Mariam Decort,Luxe Velvet Blazer,42,3.42,81.49,Cash,Niko Hunstone
957,2022-01-31,1:33 PM,Eadie Orrill,Outdoor Picnic Blanket,85,6.13,72.38,Cash,Bennie Gavrielli
958,2022-01-15,12:11 AM,Elenore Kibblewhite,Multi-Purpose Scissors,13,9.8,62.08,Credit Card,Nikolia Alvin
959,2022-02-20,5:06 AM,Curt Rickaby,Portable Refrigerator Freezer,54,5.16,62.12,Credit Card,Lazare Sherrin
960,2022-03-19,2:25 PM,Theodora Farrall,Zesty Cilantro Lime Dressing,94,1.0,11.19,Mobile Payment,Erhard Broadwell
961,2022-02-03,11:09 PM,Ewart Matthieson,Frozen Hash Browns,31,8.81,43.97,Mobile Payment,Dorie Alvar
962,2022-01-11,5:30 AM,Devin Bridgett,Smart Air Purifier,86,6.31,36.0,Mobile Payment,Millard Cowins
963,2022-02-08,5:50 AM,Della Martini,Chocolate Hazelnut Granola,11,5.88,51.94,Credit Card,Gae Crasswell
964,2022-02-18,11:19 AM,Trey Broschke,Kale Caesar Salad Kit,31,5.61,58.43,Credit Card,Turner Sanchis
965,2022-01-07,2:58 PM,Eddie Yedall,Roasted Garlic,1,5.81,77.52,Credit Card,Corene Norridge
966,2022-03-18,8:41 AM,Ignatius Weight,Roasted Vegetable Medley,8,3.0,73.48,Mobile Payment,Avivah Boydell
967,2022-03-23,9:24 PM,Buck McGrudder,Salsa Verde,66,9.85,39.15,Credit Card,Syman Sigward
968,2022-03-22,11:36 PM,Jere Lainge,Outdoor Inflatable Pool,80,3.76,45.12,Cash,Sheffie Eastby
969,2022-03-15,7:19 PM,Joann Veare,Thermostatic Shower Valve Kit,1,6.08,7.64,Cash,Anatollo Ander
970,2022-02-08,1:36 PM,Demetris Lipsett,Herb Seasoned Couscous,60,3.23,59.67,Cash,Peyton Trethowan
971,2022-03-13,4:53 AM,Consuelo Barsham,Caramel Sauce,8,8.01,22.09,Cash,Carlie Benes
972,2022-02-24,9:53 AM,Evey Crocker,Kids' Learning Tablet,73,5.3,14.86,Mobile Payment,Charlot Reeds
973,2022-03-16,7:23 PM,Nadia Myhan,Vegetable Potstickers,99,1.52,71.72,Mobile Payment,Emmott Morrowe
974,2022-02-12,8:21 AM,Luciano Gotch,Portable Hammock Swing,31,9.01,73.52,Credit Card,Mace Cantera
975,2022-02-05,1:17 AM,Etti Chieco,Granola,87,9.02,40.63,Cash,Averil Fritschel
976,2022-03-09,8:56 AM,Ainsley Giottini,Coconut Cream Pie Yogurt,7,1.82,42.14,Mobile Payment,Eugenia Donhardt
977,2022-02-18,6:46 AM,Arch Dy,Over-Ear Headphones,36,4.09,84.37,Cash,Randall Dilliway
978,2022-01-20,9:10 AM,Dorise Benley,Chia Seeds,91,2.44,18.05,Cash,Eleen Cruikshanks
979,2022-03-27,4:22 PM,Pascale Verrico,Heart-Shaped Baking Molds,25,6.1,75.83,Credit Card,Ardene Blount
980,2022-03-20,6:15 AM,Berny Briddock,A-Line Skirt,5,1.51,8.79,Cash,Bliss Beebis
981,2022-01-21,9:18 PM,Niels Poulney,Salsa,40,9.26,63.7,Credit Card,Blaire Byrd
982,2022-03-07,5:29 AM,Wat Rillatt,Creamy Garlic Dressing,19,5.43,31.5,Credit Card,Marwin Lewcock
983,2022-01-26,3:59 AM,Daphna Hollidge,Maple Pecan Pancake Mix,16,4.63,92.83,Credit Card,Ravid Mathen
984,2022-02-05,12:09 PM,Lindy Rattenbury,Heavy Duty Gardening Tool Set,77,3.85,90.26,Mobile Payment,Etienne Daborn
985,2022-03-16,10:14 PM,Luz Roubert,Lentil Soup (canned),98,1.48,99.9,Credit Card,Madella Berthelmot
986,2022-02-18,6:50 AM,Malanie Hawking,Cauliflower Gnocchi,85,4.7,49.8,Mobile Payment,Cyrille Rawsen
987,2022-02-27,2:28 PM,Bekki Stockney,Electric Pressure Cooker,64,2.83,74.24,Cash,Tish Sotheby
988,2022-01-10,10:44 AM,Moises Utridge,Asian Stir-Fry Vegetables,45,2.27,10.53,Cash,Rutger Weddell
989,2022-02-16,7:12 PM,Adriana Kordovani,Adjustable Resistance Bands,79,9.78,64.24,Mobile Payment,Darby Costin
990,2022-02-03,10:57 AM,Brewer Balhatchet,Watercolor Set,42,4.59,97.8,Mobile Payment,Giustina Snawden
991,2022-01-10,10:14 PM,Christy Goering,Classic Black Trousers,55,1.17,60.86,Cash,Scotty Abramowitch
992,2022-02-18,3:45 PM,Robers Conachie,Garden Hose Reel,17,2.72,12.31,Mobile Payment,Warden Kase
993,2022-03-08,7:43 PM,Bernie Sworder,Roasted Sweet Corn,85,4.22,17.25,Mobile Payment,Tessie Mutimer
994,2022-02-24,2:34 AM,Winonah MacGillivray,Memory Card,17,7.78,76.22,Mobile Payment,Almira Trippett
995,2022-03-23,11:35 AM,Gaby Barratt,Magnet Travel Fridge Magnets,27,1.6,25.56,Cash,Neda Golde
996,2022-03-12,2:34 PM,Milty Omand,Yoga Wheel,100,6.84,14.8,Cash,Wynn Penburton
997,2022-02-03,7:32 AM,Amby Brandle,Honey,76,3.92,66.85,Cash,Guss Ilyinykh
998,2022-02-13,1:29 AM,Rhiamon Tarrier,Adjustable Stand for Tablets and Smartphones,8,9.7,50.34,Cash,Joycelin Cardenosa
999,2022-02-21,3:39 PM,Melissa Barltrop,Beach Cover-Up,38,7.72,35.47,Mobile Payment,Thekla Dunlop
1000,2022-01-11,7:09 PM,Lilia Foux,White Rice,49,7.28,49.05,Mobile Payment,Carlie Gellett
