id,first_name,last_name,email,gender,ip_address,country
1,Stanford,Loche,sloche0@prlog.org,Male,233.242.208.13,Russia
2,Mason,Phillips,mphillips1@kickstarter.com,Male,217.98.232.166,Sweden
3,Gaile,Braund,gbraund2@discovery.com,Male,234.179.21.121,Afghanistan
4,Amerigo,Davidson,adavidson3@youtube.com,Male,215.149.132.16,China
5,Dani,Franek,dfranek4@shutterfly.com,Male,60.214.181.240,China
6,Rand,Heisman,rheisman5@senate.gov,Male,133.170.111.144,Brazil
7,Alfonso,Bowdrey,abowdrey6@ed.gov,Male,70.148.137.97,Finland
8,Nikaniki,Vokes,nvokes7@quantcast.com,Female,253.129.221.208,Indonesia
9,Base,Sommer,bsommer8@reuters.com,Male,37.214.41.144,Indonesia
10,Tim,Blanpein,tblanpein9@berkeley.edu,Male,77.181.169.116,Ukraine
11,Hailee,Ccomini,hccominia@google.de,Female,159.217.239.131,Brazil
12,Shay,Unsworth,sunsworthb@mozilla.org,Male,12.235.195.15,Sweden
13,Taber,Stuke,tstukec@businessinsider.com,Male,109.81.125.246,Brazil
14,Roland,Couthard,rcouthardd@ning.com,Male,182.180.195.175,Cameroon
15,Enid,Woolatt,ewoolatte@cornell.edu,Female,25.0.196.211,Russia
16,Cord,Scrane,cscranef@weibo.com,Male,89.153.236.208,Russia
17,Milo,Swinney,mswinneyg@unblog.fr,Male,113.5.10.108,Poland
18,Trenton,Kobpac,tkobpach@joomla.org,Non-binary,3.226.185.13,Russia
19,Benedetto,Fautly,bfautlyi@google.co.uk,Male,99.190.99.129,Sweden
20,Sarene,Mashal,smashalj@amazonaws.com,Female,240.146.198.43,Colombia
21,Ginelle,Pratty,gprattyk@amazon.com,Female,178.135.9.113,Indonesia
22,Nikaniki,Stronack,nstronackl@networkadvertising.org,Female,225.85.152.186,Canada
23,Hakim,Mossbee,hmossbeem@va.gov,Male,147.45.69.121,United Kingdom
24,Tish,Kik,tkikn@google.de,Female,97.155.97.66,China
25,Dulciana,Freegard,dfreegardo@who.int,Female,173.2.60.164,Portugal
26,Binny,Sinott,bsinottp@unc.edu,Female,157.149.105.92,Syria
27,Orton,Phant,ophantq@wiley.com,Male,122.227.156.66,Czech Republic
28,Yoko,Macci,ymaccir@baidu.com,Female,167.146.28.154,Bulgaria
29,Sibyl,Allderidge,sallderidges@time.com,Male,173.95.120.25,Armenia
30,Kelby,Klempke,kklempket@studiopress.com,Agender,138.61.39.101,Latvia
31,Bambie,Redley,bredleyu@seesaa.net,Bigender,134.251.236.64,Indonesia
32,Scottie,Coatts,scoattsv@themeforest.net,Male,219.100.145.14,Japan
33,Bud,Larkcum,blarkcumw@engadget.com,Male,232.235.245.199,Brazil
34,Fitzgerald,Dawidowsky,fdawidowskyx@mysql.com,Male,212.220.148.76,Netherlands
35,Lewes,Addionisio,laddionisioy@uol.com.br,Male,168.249.168.116,China
36,Germain,Kilday,gkildayz@ca.gov,Female,224.143.110.226,Nepal
37,Ruthe,Adhams,radhams10@mtv.com,Genderqueer,241.69.208.143,China
38,Ruthanne,Johnke,rjohnke11@java.com,Female,253.166.234.107,Bosnia and Herzegovina
39,Adelaide,Fuggles,afuggles12@tiny.cc,Female,36.157.216.216,France
40,Hester,Overstone,hoverstone13@uiuc.edu,Female,15.185.123.134,Sweden
41,Heidie,Langmuir,hlangmuir14@redcross.org,Female,29.101.241.164,Guinea-Bissau
42,Anica,Haddington,ahaddington15@desdev.cn,Female,21.156.166.26,Philippines
43,Franz,Brunesco,fbrunesco16@senate.gov,Male,65.122.76.49,Poland
44,Butch,Jaram,bjaram17@zdnet.com,Bigender,22.143.19.147,Greece
45,Carson,Veeler,cveeler18@phoca.cz,Male,28.228.119.2,Indonesia
46,Salaidh,Glasbey,sglasbey19@i2i.jp,Female,20.65.159.199,Costa Rica
47,Mylo,McSaul,mmcsaul1a@bizjournals.com,Male,91.96.206.166,Indonesia
48,Torry,Chafney,tchafney1b@hp.com,Non-binary,226.168.128.223,France
49,Margarita,Keeble,mkeeble1c@indiatimes.com,Female,74.108.40.212,Philippines
50,Sarette,Breadmore,sbreadmore1d@github.com,Genderqueer,216.97.160.56,Nigeria
51,Pepito,MacGillacolm,pmacgillacolm1e@netvibes.com,Male,230.160.76.146,Poland
52,Irma,Pierton,ipierton1f@quantcast.com,Female,150.127.9.159,Yemen
53,Tawnya,Ginn,tginn1g@forbes.com,Female,179.235.147.125,Peru
54,Tirrell,Nacci,tnacci1h@bloomberg.com,Male,55.74.89.39,Vietnam
55,Jacintha,Acock,jacock1i@tripod.com,Female,111.14.246.63,Poland
56,Sidonia,Macklin,smacklin1j@surveymonkey.com,Female,189.4.249.209,Czech Republic
57,Gae,Steadman,gsteadman1k@reference.com,Genderqueer,147.57.166.59,Sweden
58,Normand,Stapford,nstapford1l@forbes.com,Male,146.11.202.195,Macedonia
59,Gherardo,Bingham,gbingham1m@bizjournals.com,Genderfluid,202.107.85.183,Tanzania
60,Abel,Plaistowe,aplaistowe1n@dyndns.org,Male,114.55.33.47,China
61,Willetta,Liquorish,wliquorish1o@goo.gl,Female,16.212.11.104,China
62,Elvis,Mayberry,emayberry1p@china.com.cn,Male,21.70.111.156,Argentina
63,Drusi,Sturton,dsturton1q@dropbox.com,Female,39.91.51.240,Botswana
64,Enrichetta,Slocomb,eslocomb1r@simplemachines.org,Female,121.174.145.25,Indonesia
65,Gusty,Duddan,gduddan1s@reference.com,Female,199.146.172.112,Indonesia
66,Chickie,De Ortega,cdeortega1t@shareasale.com,Female,183.173.82.238,Sweden
67,Frederick,Ruddle,fruddle1u@google.com.br,Male,63.1.41.156,Indonesia
68,Luther,Lewsley,llewsley1v@admin.ch,Genderfluid,242.16.90.151,China
69,Celine,Horsfield,chorsfield1w@bing.com,Female,124.115.56.33,United States
70,Harriett,Flett,hflett1x@mac.com,Female,43.125.129.131,Russia
71,Inessa,Whorf,iwhorf1y@telegraph.co.uk,Female,146.57.238.88,Japan
72,Lionello,Roth,lroth1z@hao123.com,Male,147.102.18.175,Thailand
73,Shea,Lamyman,slamyman20@berkeley.edu,Bigender,13.22.203.37,Poland
74,Starr,Clyde,sclyde21@reverbnation.com,Female,92.58.66.160,France
75,Jannel,Sherville,jsherville22@google.com.hk,Female,152.34.110.161,Brazil
76,Violet,Selbach,vselbach23@psu.edu,Female,167.20.250.146,China
77,Markus,Conachy,mconachy24@github.com,Bigender,235.173.29.91,China
78,Eldredge,Stamp,estamp25@google.ca,Male,78.144.242.90,Brazil
79,Jenna,Oxterby,joxterby26@home.pl,Female,115.172.239.184,Philippines
80,Moria,Danher,mdanher27@vkontakte.ru,Female,137.108.166.167,Indonesia
81,Ailsun,Thurgood,athurgood28@arizona.edu,Bigender,80.62.139.1,China
82,Jeffrey,Knapp,jknapp29@ameblo.jp,Male,214.2.49.128,Italy
83,Rogers,Wyley,rwyley2a@weibo.com,Male,200.175.123.31,Cyprus
84,Shoshanna,Betteridge,sbetteridge2b@time.com,Female,128.125.108.135,Uruguay
85,Jocelyne,McGriffin,jmcgriffin2c@desdev.cn,Female,55.176.157.237,Canada
86,Mufi,Fairbridge,mfairbridge2d@flickr.com,Genderqueer,225.226.215.215,Yemen
87,Talbert,Klehn,tklehn2e@fastcompany.com,Male,229.41.127.96,Japan
88,Taddeo,Sings,tsings2f@pinterest.com,Male,251.42.74.164,Poland
89,Donn,Vowell,dvowell2g@goodreads.com,Male,103.236.141.212,China
90,Leonore,Hargroves,lhargroves2h@skyrock.com,Female,170.236.0.198,Poland
91,Anna-diana,Polo,apolo2i@instagram.com,Female,232.218.77.0,France
92,Irwin,Bothram,ibothram2j@noaa.gov,Male,115.135.50.19,China
93,Michail,Clench,mclench2k@hp.com,Male,203.50.114.18,Belarus
94,Caesar,Casazza,ccasazza2l@amazon.co.uk,Male,236.233.49.8,Portugal
95,Jacky,Tidbold,jtidbold2m@geocities.jp,Genderqueer,192.128.165.107,Israel
96,Seymour,Shakeshaft,sshakeshaft2n@163.com,Male,74.73.113.178,China
97,Webb,Strewther,wstrewther2o@aboutads.info,Male,119.142.128.95,Peru
98,Bamby,Buckston,bbuckston2p@google.nl,Female,86.236.62.150,Poland
99,Livvy,Risebrow,lrisebrow2q@boston.com,Female,150.23.66.28,Bulgaria
100,Glenn,Iles,giles2r@t-online.de,Male,254.173.47.198,Samoa
101,Kimberlyn,Grimm,kgrimm2s@berkeley.edu,Female,73.206.93.117,China
102,Kristel,Tyt,ktyt2t@tmall.com,Female,191.242.76.220,Japan
103,Piotr,McLeman,pmcleman2u@histats.com,Male,60.214.161.67,Serbia
104,Hobart,Rizzone,hrizzone2v@about.me,Male,245.10.221.160,Mexico
105,Cherice,Ceillier,cceillier2w@gizmodo.com,Female,114.114.3.84,Russia
106,Nonna,Lugden,nlugden2x@omniture.com,Female,7.249.168.143,Poland
107,Fabian,Kubiak,fkubiak2y@nih.gov,Male,180.254.153.179,United States
108,Benedicto,Seares,bseares2z@pcworld.com,Male,97.22.92.212,Canada
109,Jere,Andell,jandell30@earthlink.net,Female,193.107.32.237,Indonesia
110,Elisabeth,Botwright,ebotwright31@ovh.net,Female,142.168.142.142,Indonesia
111,Tessie,Paterson,tpaterson32@narod.ru,Female,179.187.111.68,Russia
112,Mozes,Zorn,mzorn33@mail.ru,Male,127.127.7.178,Iceland
113,Carolus,Helliar,chelliar34@phoca.cz,Male,140.149.39.113,China
114,Leshia,Tebbutt,ltebbutt35@youku.com,Female,6.203.16.85,Russia
115,Hailey,Lampett,hlampett36@mozilla.org,Male,74.199.123.75,Brazil
116,Neal,McCullagh,nmccullagh37@livejournal.com,Male,96.179.190.79,New Zealand
117,Julia,Falvey,jfalvey38@woothemes.com,Female,191.50.75.15,Curacao
118,Pryce,Acory,pacory39@umich.edu,Male,23.72.154.210,Portugal
119,Freddy,Carnalan,fcarnalan3a@twitter.com,Male,155.56.248.199,China
120,Adrianne,Pinder,apinder3b@cbc.ca,Female,68.84.232.194,China
121,Zak,Jumonet,zjumonet3c@cdc.gov,Male,241.99.173.73,China
122,Sayres,Scarratt,sscarratt3d@topsy.com,Genderqueer,215.38.103.87,Russia
123,Rich,Crickmore,rcrickmore3e@npr.org,Male,7.90.255.253,Colombia
124,Gustaf,Edgson,gedgson3f@comsenz.com,Male,53.43.255.59,Brazil
125,Putnam,Erik,perik3g@comsenz.com,Male,12.70.29.6,Uganda
126,Rebecka,Cardo,rcardo3h@cornell.edu,Female,50.60.211.67,Greece
127,Gery,Ellicombe,gellicombe3i@dropbox.com,Male,81.241.68.115,Indonesia
128,Niki,Wegener,nwegener3j@amazon.com,Male,251.150.155.241,Indonesia
129,Clemmie,Milmore,cmilmore3k@feedburner.com,Male,37.75.83.85,Argentina
130,Paulita,Spiniello,pspiniello3l@buzzfeed.com,Genderfluid,148.22.160.152,China
131,Christos,Deamer,cdeamer3m@google.com.au,Male,235.148.150.237,Honduras
132,Miller,McGennis,mmcgennis3n@webeden.co.uk,Male,74.134.250.194,Argentina
133,Kaine,Byway,kbyway3o@independent.co.uk,Male,77.105.87.39,Brazil
134,Clarinda,Haggas,chaggas3p@earthlink.net,Female,155.127.15.183,China
135,Christyna,Idenden,cidenden3q@elpais.com,Female,38.196.112.21,Indonesia
136,Mick,Kuhn,mkuhn3r@ehow.com,Male,241.241.74.117,Colombia
137,Venita,Verity,vverity3s@google.nl,Female,122.186.18.76,Philippines
138,Constantino,Innes,cinnes3t@devhub.com,Male,116.62.220.88,Cuba
139,Brenden,Petroulis,bpetroulis3u@tinyurl.com,Male,70.105.104.9,Indonesia
140,Suzi,Goodey,sgoodey3v@quantcast.com,Female,250.60.68.14,Brazil
141,Viviyan,Gossan,vgossan3w@people.com.cn,Female,246.236.196.181,China
142,Quintana,Liveing,qliveing3x@wiley.com,Female,250.28.8.16,Ecuador
143,Gale,Vaen,gvaen3y@rediff.com,Male,83.117.240.190,Mexico
144,Deeanne,Haggie,dhaggie3z@bbb.org,Genderqueer,81.153.95.156,Thailand
145,Beatrice,Singers,bsingers40@disqus.com,Female,189.173.218.115,China
146,Gerrilee,Filmer,gfilmer41@cocolog-nifty.com,Female,254.228.232.137,Poland
147,Sigismond,Riceards,sriceards42@com.com,Male,183.92.147.219,Cameroon
148,Kate,Peagram,kpeagram43@howstuffworks.com,Female,64.187.178.248,Russia
149,Keelby,Metcalf,kmetcalf44@blogger.com,Non-binary,255.56.43.73,Ivory Coast
150,Hetti,Gilbee,hgilbee45@sun.com,Female,146.104.43.114,Indonesia
151,Lizzie,Fleming,lfleming46@photobucket.com,Female,224.248.27.220,Poland
152,Charla,Gideon,cgideon47@cpanel.net,Female,233.101.245.113,Czech Republic
153,Wyn,Mcettrick,wmcettrick48@aboutads.info,Male,38.216.61.203,Indonesia
154,Maribelle,Batrick,mbatrick49@boston.com,Female,42.9.127.143,China
155,Derrik,Grisewood,dgrisewood4a@amazon.com,Male,37.187.50.251,China
156,Zed,Hazeup,zhazeup4b@state.gov,Male,59.232.140.205,Indonesia
157,Gale,Jeskins,gjeskins4c@w3.org,Male,255.136.94.197,Trinidad and Tobago
158,Tybalt,Zettoi,tzettoi4d@patch.com,Male,175.5.247.148,Ethiopia
159,Michel,Aveline,maveline4e@indiegogo.com,Male,222.170.58.251,Philippines
160,Christie,Cristofor,ccristofor4f@ed.gov,Male,140.220.33.99,Philippines
161,Eba,Pryde,epryde4g@japanpost.jp,Female,77.45.70.38,Portugal
162,Chaddy,Beastall,cbeastall4h@uiuc.edu,Male,73.205.77.57,France
163,Allyn,Deeson,adeeson4i@so-net.ne.jp,Female,213.178.97.195,Japan
164,Emmalynne,Blandamore,eblandamore4j@elegantthemes.com,Female,248.79.127.35,Tanzania
165,Jermayne,Gronauer,jgronauer4k@unicef.org,Male,75.199.1.125,Palestinian Territory
166,Renate,Buckles,rbuckles4l@themeforest.net,Female,239.123.225.69,China
167,Massimo,Shuxsmith,mshuxsmith4m@prweb.com,Male,70.210.132.116,China
168,Geraldine,Clemence,gclemence4n@drupal.org,Female,64.228.10.117,Russia
169,Keen,Bromidge,kbromidge4o@google.fr,Male,179.94.165.191,Canada
170,Noel,Guidini,nguidini4p@businessweek.com,Male,223.235.195.14,Poland
171,Adamo,Flade,aflade4q@mozilla.org,Male,90.56.4.204,France
172,Rosalie,McGarva,rmcgarva4r@chron.com,Female,96.87.31.59,Argentina
173,Alyson,Iowarch,aiowarch4s@pen.io,Female,3.94.226.166,China
174,Demetra,Rainey,drainey4t@shop-pro.jp,Female,5.16.10.61,Nigeria
175,Flossie,Haugen,fhaugen4u@dot.gov,Female,80.93.77.166,Greece
176,Kienan,Munehay,kmunehay4v@icio.us,Male,68.102.41.210,Vietnam
177,Loraine,Scalera,lscalera4w@forbes.com,Female,143.14.30.82,Pakistan
178,Orton,Antonikov,oantonikov4x@shutterfly.com,Genderqueer,63.86.205.165,Macedonia
179,Cyrill,Swyer-Sexey,cswyersexey4y@nps.gov,Male,62.221.80.228,United States
180,Lottie,Drover,ldrover4z@mapquest.com,Female,28.234.213.243,Russia
181,Imelda,Joly,ijoly50@youtube.com,Female,101.23.237.134,Russia
182,Nappy,Jorn,njorn51@yahoo.co.jp,Male,236.201.34.239,Portugal
183,Zolly,Priscott,zpriscott52@php.net,Male,56.63.233.78,China
184,Rourke,Garms,rgarms53@answers.com,Male,142.22.243.15,Portugal
185,Kellina,Fellow,kfellow54@nasa.gov,Female,37.15.161.32,Indonesia
186,Livy,Bleier,lbleier55@cornell.edu,Female,106.97.5.76,Syria
187,Jae,Mc Faul,jmcfaul56@walmart.com,Male,122.14.9.160,Mongolia
188,Kailey,Brounfield,kbrounfield57@nsw.gov.au,Female,152.37.78.212,Russia
189,Danell,Buttery,dbuttery58@stanford.edu,Female,108.86.12.214,Brazil
190,Rafael,Fathers,rfathers59@artisteer.com,Agender,33.28.172.241,China
191,Jasmine,Tatlow,jtatlow5a@blogspot.com,Female,133.96.114.130,Czech Republic
192,Christel,Habens,chabens5b@columbia.edu,Female,190.123.208.182,Sint Maarten
193,Juli,Marshalleck,jmarshalleck5c@storify.com,Female,128.179.152.62,Jamaica
194,Charlotte,Frarey,cfrarey5d@ox.ac.uk,Female,27.220.118.203,Spain
195,Percival,Meni,pmeni5e@sogou.com,Male,245.197.173.22,Madagascar
196,Margaux,Cattel,mcattel5f@discovery.com,Female,138.206.122.91,China
197,Eula,Pebworth,epebworth5g@imageshack.us,Female,145.237.209.19,Zambia
198,Uri,MacPadene,umacpadene5h@google.es,Male,80.195.101.164,China
199,Tobias,Couth,tcouth5i@weather.com,Male,61.66.68.5,Russia
200,Hewie,Cockman,hcockman5j@theglobeandmail.com,Male,145.77.189.114,Russia
201,Dermot,Brisseau,dbrisseau5k@drupal.org,Male,89.237.51.191,Russia
202,Georgina,Siret,gsiret5l@imgur.com,Female,82.252.47.198,China
203,Jenda,Ubsdale,jubsdale5m@sourceforge.net,Polygender,74.35.88.42,France
204,Nathalie,Brummitt,nbrummitt5n@edublogs.org,Female,131.140.130.168,Brazil
205,Udall,Teresi,uteresi5o@hibu.com,Male,57.46.170.242,Yemen
206,Joshua,Moquin,jmoquin5p@google.es,Non-binary,103.170.180.159,Lithuania
207,Atlanta,Roz,aroz5q@nbcnews.com,Female,253.133.210.139,Ukraine
208,Kin,Gerraty,kgerraty5r@reuters.com,Male,223.135.119.105,Sweden
209,Murry,Lefever,mlefever5s@de.vu,Male,226.17.176.184,China
210,Garland,Pawfoot,gpawfoot5t@auda.org.au,Female,174.150.122.78,Japan
211,Rory,Eldridge,reldridge5u@eventbrite.com,Female,83.192.230.72,United States
212,Carmelina,Philpott,cphilpott5v@indiegogo.com,Female,197.55.120.214,Japan
213,Piggy,Grindell,pgrindell5w@twitpic.com,Male,101.253.211.76,Peru
214,Crystie,Dalbey,cdalbey5x@wisc.edu,Female,21.214.223.129,Philippines
215,Inge,Palleske,ipalleske5y@bloglines.com,Female,234.183.74.231,Greece
216,Etty,Kirsopp,ekirsopp5z@amazonaws.com,Female,205.14.81.183,China
217,Malinda,Dionis,mdionis60@list-manage.com,Female,32.139.210.108,Russia
218,Robbert,Abbets,rabbets61@admin.ch,Male,214.121.146.6,Nigeria
219,Kliment,Dudill,kdudill62@seattletimes.com,Male,87.94.23.210,China
220,Paolo,Blatherwick,pblatherwick63@webeden.co.uk,Male,149.129.175.92,Indonesia
221,Hendrick,Lorenzetto,hlorenzetto64@house.gov,Male,156.28.204.41,China
222,Alexine,Coley,acoley65@cisco.com,Genderqueer,86.5.35.230,Indonesia
223,Carlyn,Frost,cfrost66@mapy.cz,Female,175.36.100.133,United States
224,Evelin,Struis,estruis67@ca.gov,Male,176.169.38.230,Poland
225,Thorin,Bucher,tbucher68@scientificamerican.com,Male,65.193.6.61,Indonesia
226,Boniface,Mityukov,bmityukov69@shop-pro.jp,Male,14.13.225.115,Ukraine
227,Art,McSperrin,amcsperrin6a@live.com,Male,170.172.96.210,Indonesia
228,Kirstyn,Shailer,kshailer6b@typepad.com,Female,22.181.133.240,Brazil
229,Cullan,Carden,ccarden6c@typepad.com,Male,22.194.165.49,Sweden
230,Shae,Demonge,sdemonge6d@utexas.edu,Male,129.148.212.59,Philippines
231,Gladys,Rikard,grikard6e@stumbleupon.com,Female,192.105.253.77,Albania
232,Colby,Sloyan,csloyan6f@comsenz.com,Male,234.73.173.38,Poland
233,Jacob,Dann,jdann6g@parallels.com,Male,103.248.136.240,Croatia
234,Phyllis,Antham,pantham6h@hugedomains.com,Female,137.247.64.47,China
235,Grace,Jillard,gjillard6i@bing.com,Non-binary,56.172.174.140,Sweden
236,Stavros,Ligerton,sligerton6j@forbes.com,Male,183.211.165.129,Philippines
237,Alverta,Binestead,abinestead6k@scientificamerican.com,Female,43.248.94.127,China
238,Ilyssa,Bastable,ibastable6l@ehow.com,Female,119.128.179.240,China
239,Tricia,Bracchi,tbracchi6m@so-net.ne.jp,Female,229.15.136.89,Indonesia
240,Woody,Ragbourne,wragbourne6n@redcross.org,Male,193.147.64.146,Brazil
241,Emmit,Johananoff,ejohananoff6o@cdbaby.com,Male,245.35.225.252,China
242,Cassaundra,Mackin,cmackin6p@google.com.hk,Female,47.120.233.39,Ecuador
243,Estevan,Lawling,elawling6q@sina.com.cn,Male,156.19.44.210,China
244,Fernandina,Regenhardt,fregenhardt6r@chicagotribune.com,Female,191.82.66.143,Finland
245,Rossie,Dinning,rdinning6s@sitemeter.com,Male,215.35.210.0,Tanzania
246,Eolande,Vaan,evaan6t@drupal.org,Female,106.125.231.250,Czech Republic
247,Harriot,De la Zenne,hdelazenne6u@parallels.com,Female,21.57.198.117,Philippines
248,Nick,Zmitruk,nzmitruk6v@answers.com,Male,46.210.112.87,Indonesia
249,Nixie,Mabbe,nmabbe6w@umich.edu,Female,63.102.37.14,China
250,Yettie,Tansey,ytansey6x@mlb.com,Female,238.52.83.203,Panama
251,Lorna,Sidary,lsidary6y@msn.com,Female,8.172.114.185,China
252,Lucienne,Wolpert,lwolpert6z@ebay.com,Female,147.53.87.85,China
253,Alene,Percival,apercival70@wunderground.com,Female,84.218.82.113,China
254,Rozanne,Dedrick,rdedrick71@multiply.com,Genderqueer,169.150.23.104,Canada
255,Nari,Buy,nbuy72@japanpost.jp,Female,175.224.249.228,Japan
256,Byron,Gornal,bgornal73@pbs.org,Male,235.189.208.161,Colombia
257,Derrek,Caudell,dcaudell74@bbb.org,Male,99.108.39.162,China
258,Cord,Alleburton,calleburton75@bbc.co.uk,Male,57.218.95.77,South Africa
259,Faun,Dietsche,fdietsche76@mapy.cz,Female,200.31.11.108,Indonesia
260,Dudley,Taggart,dtaggart77@auda.org.au,Male,45.92.210.35,Indonesia
261,Salvador,Rowson,srowson78@ebay.co.uk,Male,147.4.255.148,China
262,Berna,Dearle,bdearle79@about.com,Female,194.170.114.17,Germany
263,Fidelia,Chatel,fchatel7a@free.fr,Female,123.90.26.203,Russia
264,Alina,Gerrill,agerrill7b@reverbnation.com,Female,176.233.19.82,Belarus
265,Odelinda,Joinsey,ojoinsey7c@theglobeandmail.com,Female,195.8.154.138,Indonesia
266,Dulcine,Rostern,drostern7d@examiner.com,Female,158.201.25.79,Canada
267,Ivor,Blewmen,iblewmen7e@prlog.org,Male,34.132.252.195,Colombia
268,Jonas,Dinnis,jdinnis7f@shinystat.com,Genderfluid,124.194.27.150,Bolivia
269,Kayley,Merigot,kmerigot7g@homestead.com,Non-binary,235.111.235.10,Indonesia
270,Timmy,Presnall,tpresnall7h@slashdot.org,Agender,20.201.232.238,Thailand
271,Ase,Wennington,awennington7i@columbia.edu,Male,83.150.124.166,Greece
272,Clyve,Rickaby,crickaby7j@diigo.com,Male,195.120.52.178,Portugal
273,Aimil,Ruffles,aruffles7k@w3.org,Genderfluid,119.97.221.174,Serbia
274,Ingeberg,Puddicombe,ipuddicombe7l@reverbnation.com,Female,38.32.245.166,China
275,Gipsy,Lebourn,glebourn7m@fastcompany.com,Female,30.58.193.130,Argentina
276,Konrad,Westfalen,kwestfalen7n@yahoo.com,Male,76.238.96.194,Nigeria
277,Gay,Stadden,gstadden7o@economist.com,Male,184.4.253.127,Iran
278,Jaclyn,Brothwell,jbrothwell7p@blogger.com,Female,225.95.52.72,Russia
279,Uriel,Whatsize,uwhatsize7q@github.io,Male,170.50.64.212,Mongolia
280,Krissy,Hallows,khallows7r@yolasite.com,Female,251.115.141.92,South Africa
281,Nelie,Feighry,nfeighry7s@vk.com,Female,117.109.201.118,Brazil
282,Cly,Shird,cshird7t@indiegogo.com,Male,136.162.129.104,Indonesia
283,Auria,Pattison,apattison7u@sogou.com,Female,115.202.32.137,Uzbekistan
284,Merissa,Briffett,mbriffett7v@plala.or.jp,Female,244.43.63.211,Norway
285,Pooh,Barette,pbarette7w@google.com.hk,Female,48.57.238.66,Vietnam
286,Marty,Sleigh,msleigh7x@gravatar.com,Male,189.224.80.17,China
287,Kayne,Adamovitz,kadamovitz7y@unicef.org,Male,40.149.244.239,Palestinian Territory
288,Robinet,Gillman,rgillman7z@google.com.hk,Male,247.243.91.227,Philippines
289,Niall,Kment,nkment80@yahoo.co.jp,Male,141.47.190.210,China
290,Kali,Shortland,kshortland81@netscape.com,Female,113.173.105.82,Philippines
291,Victor,Pala,vpala82@cmu.edu,Male,16.144.20.181,Kazakhstan
292,Ellyn,Kike,ekike83@miibeian.gov.cn,Female,76.226.208.221,Haiti
293,Giffie,Vasilchikov,gvasilchikov84@sciencedirect.com,Male,40.159.178.0,Ukraine
294,Chad,Dewhirst,cdewhirst85@telegraph.co.uk,Male,9.98.60.221,Indonesia
295,Estele,Feare,efeare86@goo.ne.jp,Female,54.175.23.238,Russia
296,Killy,Leyre,kleyre87@globo.com,Male,194.119.169.68,Peru
297,Rianon,Coweuppe,rcoweuppe88@noaa.gov,Female,197.19.17.207,China
298,Buddy,Clement,bclement89@yellowpages.com,Male,122.199.48.199,Indonesia
299,Fawn,Heningam,fheningam8a@1688.com,Female,207.250.186.181,Sweden
300,Spencer,Lipman,slipman8b@aboutads.info,Male,198.92.25.188,Canada
301,Marcus,Lorentz,mlorentz8c@freewebs.com,Male,149.37.85.226,China
302,Thayne,Skells,tskells8d@xinhuanet.com,Male,90.189.218.254,China
303,Earlie,Dudlestone,edudlestone8e@rediff.com,Male,133.188.130.241,Indonesia
304,Brittni,Georges,bgeorges8f@redcross.org,Bigender,102.182.201.134,Russia
305,Aline,Durrad,adurrad8g@unc.edu,Female,162.157.212.91,China
306,Donelle,Dunge,ddunge8h@meetup.com,Female,33.232.127.129,Mongolia
307,Palm,Willshear,pwillshear8i@godaddy.com,Male,60.239.60.237,Ukraine
308,Traver,Hargreves,thargreves8j@google.co.uk,Male,80.155.181.250,Sweden
309,Wally,Harkess,wharkess8k@twitpic.com,Male,200.213.93.243,Albania
310,Rosalynd,Blatcher,rblatcher8l@google.cn,Female,197.18.97.95,Indonesia
311,Keefe,Cannell,kcannell8m@mlb.com,Male,118.78.148.41,Guatemala
312,Susy,Mustarde,smustarde8n@uiuc.edu,Female,62.126.83.65,Indonesia
313,Janek,Kleine,jkleine8o@google.de,Male,43.101.99.55,Russia
314,Donall,Pomphrey,dpomphrey8p@facebook.com,Male,76.78.48.136,China
315,Giacopo,Le Marchant,glemarchant8q@bloomberg.com,Male,200.194.40.182,Croatia
316,Starla,Bertelet,sbertelet8r@mlb.com,Female,6.255.26.25,Ukraine
317,Weston,Harburtson,wharburtson8s@huffingtonpost.com,Male,231.92.157.97,Morocco
318,Buck,Wheldon,bwheldon8t@lycos.com,Male,245.167.49.105,Indonesia
319,Harcourt,Wissbey,hwissbey8u@blogtalkradio.com,Male,196.195.254.2,Japan
320,Raoul,Adger,radger8v@indiegogo.com,Male,161.191.77.80,Indonesia
321,Vaclav,Horley,vhorley8w@163.com,Male,169.248.45.247,China
322,Cozmo,Coyte,ccoyte8x@privacy.gov.au,Male,153.178.43.254,Croatia
323,Joya,Agget,jagget8y@japanpost.jp,Genderfluid,126.111.113.116,China
324,Elyse,Sarton,esarton8z@is.gd,Female,43.72.238.246,Ukraine
325,Terry,Soloway,tsoloway90@wired.com,Male,3.245.200.146,Colombia
326,Arabel,Pascoe,apascoe91@wisc.edu,Female,230.34.138.63,Palestinian Territory
327,Ulberto,Heams,uheams92@vk.com,Male,124.158.163.37,Bulgaria
328,Zaria,Halcro,zhalcro93@cnbc.com,Agender,16.37.125.47,China
329,Kaye,Halle,khalle94@meetup.com,Female,89.203.205.123,United Kingdom
330,Edwin,Deshon,edeshon95@abc.net.au,Agender,235.158.209.135,Indonesia
331,Perrine,D'Errico,pderrico96@slate.com,Female,182.199.127.209,Russia
332,Gearard,Molan,gmolan97@japanpost.jp,Male,230.13.138.130,Portugal
333,Averill,Etchells,aetchells98@yolasite.com,Male,7.112.140.1,Russia
334,Clare,Tipton,ctipton99@cafepress.com,Male,173.252.178.28,China
335,Amelita,Colbran,acolbran9a@blogspot.com,Female,145.93.152.41,Nigeria
336,Rayshell,Tackett,rtackett9b@symantec.com,Female,78.2.219.17,Macedonia
337,Corny,Blackbourn,cblackbourn9c@multiply.com,Male,177.105.245.6,Nigeria
338,Nowell,Dugan,ndugan9d@issuu.com,Male,188.238.162.29,Indonesia
339,Huntlee,Jentgens,hjentgens9e@amazon.de,Male,75.167.251.229,Sweden
340,Becka,Krates,bkrates9f@friendfeed.com,Female,41.247.65.214,Afghanistan
341,Rebecca,Nollet,rnollet9g@theatlantic.com,Female,40.143.179.19,China
342,Nickie,Coaster,ncoaster9h@sciencedaily.com,Male,153.244.152.171,China
343,Lazarus,Caughtry,lcaughtry9i@macromedia.com,Polygender,142.35.83.220,Mauritius
344,Brocky,Gordon-Giles,bgordongiles9j@wsj.com,Genderfluid,88.221.22.1,Argentina
345,Petunia,Fenby,pfenby9k@amazon.co.uk,Female,203.181.40.140,Russia
346,Thadeus,Cubbit,tcubbit9l@noaa.gov,Male,124.221.81.136,Thailand
347,Antonio,Oxburgh,aoxburgh9m@hostgator.com,Male,80.150.227.56,Indonesia
348,Paxon,Simonitto,psimonitto9n@berkeley.edu,Male,185.61.143.161,China
349,Nevins,Imore,nimore9o@sina.com.cn,Male,14.228.240.208,Czech Republic
350,Vite,Brien,vbrien9p@dyndns.org,Bigender,51.35.26.10,Russia
351,Ronica,Dionsetti,rdionsetti9q@ustream.tv,Female,102.24.39.96,Japan
352,Dory,Eplate,deplate9r@china.com.cn,Male,51.0.44.224,Venezuela
353,Phillipe,Johann,pjohann9s@wordpress.com,Male,150.190.162.186,Slovenia
354,Rodd,Dufore,rdufore9t@ow.ly,Male,177.161.43.174,Indonesia
355,Moore,Irving,mirving9u@google.cn,Male,201.129.111.87,Brazil
356,Virge,Blaik,vblaik9v@theglobeandmail.com,Male,196.94.134.226,Peru
357,Hamilton,Conboy,hconboy9w@flickr.com,Male,27.62.225.210,Norway
358,Chelsy,Raiment,craiment9x@cdc.gov,Female,244.237.83.137,Venezuela
359,Annetta,Wychard,awychard9y@dedecms.com,Female,107.41.203.169,Brazil
360,Emanuel,Cutcliffe,ecutcliffe9z@irs.gov,Male,101.113.15.148,France
361,Arnuad,O'Flaverty,aoflavertya0@google.it,Male,60.82.110.210,Thailand
362,Trey,Proby,tprobya1@shareasale.com,Male,132.102.115.35,China
363,Ninette,Dinsdale,ndinsdalea2@canalblog.com,Female,197.97.125.84,Brazil
364,Fergus,Edgerly,fedgerlya3@google.co.uk,Male,203.136.129.225,Indonesia
365,Zorana,Wilsee,zwilseea4@nifty.com,Genderqueer,125.160.81.29,Russia
366,Celesta,Vivien,cviviena5@adobe.com,Female,147.30.167.4,Pakistan
367,Ikey,Spalls,ispallsa6@desdev.cn,Male,205.105.194.107,Vietnam
368,Pren,Brambill,pbrambilla7@multiply.com,Male,210.204.225.27,Chile
369,Horatio,Antunez,hantuneza8@dedecms.com,Genderqueer,225.174.3.38,Indonesia
370,Bearnard,Dutson,bdutsona9@newyorker.com,Male,77.20.232.63,Russia
371,Annora,Slowcock,aslowcockaa@pcworld.com,Female,209.229.52.219,Brazil
372,Genovera,Ambrosini,gambrosiniab@google.nl,Female,75.158.152.120,Chad
373,Jenni,Cheine,jcheineac@cyberchimps.com,Female,19.140.55.180,Brazil
374,Jobye,Leverich,jleverichad@google.com.hk,Female,35.46.204.79,China
375,Rosetta,Osmint,rosmintae@ezinearticles.com,Female,99.233.158.150,China
376,Denny,Plaskitt,dplaskittaf@cmu.edu,Female,63.106.39.106,Indonesia
377,Robinet,Shearmur,rshearmurag@blog.com,Male,99.220.110.247,Russia
378,Hebert,Grugerr,hgrugerrah@nationalgeographic.com,Male,31.231.61.66,Sweden
379,Adan,Varfalameev,avarfalameevai@netscape.com,Agender,127.164.184.114,Greece
380,Deedee,Fairlam,dfairlamaj@studiopress.com,Bigender,41.104.76.88,Greece
381,Henrie,Coudray,hcoudrayak@tiny.cc,Non-binary,1.20.103.41,Sweden
382,Ainslie,Cornilli,acornillial@kickstarter.com,Female,75.192.148.244,Greece
383,Tami,Risbridger,trisbridgeram@latimes.com,Female,195.188.59.65,Indonesia
384,Cris,Riceards,criceardsan@skyrock.com,Male,245.224.229.228,Indonesia
385,Mikey,Kenforth,mkenforthao@ox.ac.uk,Male,167.235.37.250,Latvia
386,Wesley,Cockerton,wcockertonap@sakura.ne.jp,Male,236.98.81.186,Serbia
387,Leif,Lecointe,llecointeaq@sfgate.com,Genderqueer,123.94.158.128,Netherlands
388,Eli,Furmedge,efurmedgear@state.gov,Male,89.20.147.136,Morocco
389,Kyla,Riha,krihaas@instagram.com,Female,84.37.16.101,China
390,Rodrique,Silmon,rsilmonat@bloglovin.com,Male,29.158.235.45,China
391,Beverie,Eldered,belderedau@lulu.com,Female,67.191.149.64,Philippines
392,Essa,Millthorpe,emillthorpeav@delicious.com,Female,50.132.4.55,Japan
393,Bradley,MacDavitt,bmacdavittaw@cocolog-nifty.com,Male,216.170.183.68,Indonesia
394,Dallas,Pilipets,dpilipetsax@devhub.com,Female,139.106.152.17,Panama
395,Patric,Baldock,pbaldockay@sfgate.com,Male,114.210.118.81,China
396,Raeann,Alans,ralansaz@edublogs.org,Female,232.251.55.237,Lithuania
397,Lucias,Erskine,lerskineb0@quantcast.com,Male,168.1.66.33,Brazil
398,Herminia,Braun,hbraunb1@cnn.com,Female,149.42.154.56,Brazil
399,Jens,Trudgian,jtrudgianb2@smugmug.com,Male,248.140.218.138,China
400,Crystie,Silverthorne,csilverthorneb3@icio.us,Female,130.47.30.53,Brazil
401,Doralin,Panton,dpantonb4@google.it,Polygender,147.36.181.230,China
402,Edlin,Shafto,eshaftob5@harvard.edu,Male,199.227.244.202,Democratic Republic of the Congo
403,Marta,Downing,mdowningb6@accuweather.com,Non-binary,65.8.79.41,Pakistan
404,Marcellina,Rubinchik,mrubinchikb7@cisco.com,Female,42.231.38.33,Croatia
405,Uri,Pittoli,upittolib8@list-manage.com,Male,183.94.212.46,China
406,Costa,Buy,cbuyb9@rediff.com,Male,229.92.176.64,Russia
407,Loria,Meeke,lmeekeba@behance.net,Female,104.122.136.31,Cameroon
408,Quentin,Gosnell,qgosnellbb@last.fm,Male,77.185.165.165,Finland
409,Giffer,Winyard,gwinyardbc@theatlantic.com,Male,233.236.175.13,China
410,Nolly,Olivella,nolivellabd@boston.com,Male,180.198.203.57,Indonesia
411,Anderson,Bellerby,abellerbybe@bbc.co.uk,Male,123.42.164.246,China
412,Jacklin,Samwyse,jsamwysebf@fotki.com,Female,206.177.229.166,Thailand
413,Herman,Flicker,hflickerbg@newyorker.com,Male,21.115.180.234,Peru
414,Felicio,Allmann,fallmannbh@comsenz.com,Male,14.107.209.38,Slovenia
415,Serene,Bickle,sbicklebi@histats.com,Female,33.118.238.0,Philippines
416,Elsey,Hamsher,ehamsherbj@ebay.com,Female,74.72.103.110,Moldova
417,Dannel,Simakov,dsimakovbk@ucoz.ru,Male,117.73.2.128,Thailand
418,Ianthe,Cosgrive,icosgrivebl@umich.edu,Female,66.198.218.207,Ukraine
419,Gavrielle,Pointing,gpointingbm@nationalgeographic.com,Female,63.15.190.128,Libya
420,Hannis,Jeffs,hjeffsbn@msn.com,Female,50.11.234.53,Albania
421,Jeffry,Cantle,jcantlebo@hubpages.com,Male,245.162.221.212,China
422,Evangeline,Adame,eadamebp@jalbum.net,Agender,81.160.207.24,Brazil
423,Perren,Whittleton,pwhittletonbq@berkeley.edu,Male,31.39.155.138,Japan
424,Ericka,Pinsent,epinsentbr@yandex.ru,Female,196.117.136.77,Tanzania
425,Ricardo,Cornell,rcornellbs@symantec.com,Male,146.97.94.225,Burkina Faso
426,Gabi,Shepley,gshepleybt@samsung.com,Male,156.168.87.4,Japan
427,Meridel,Boddice,mboddicebu@sun.com,Female,0.63.207.193,United States
428,Dela,Westnage,dwestnagebv@slideshare.net,Genderfluid,244.68.236.176,Philippines
429,Crissie,Werner,cwernerbw@yandex.ru,Female,149.236.142.97,China
430,Deck,McCaskill,dmccaskillbx@intel.com,Male,138.26.219.246,Peru
431,Thalia,Appleyard,tappleyardby@umich.edu,Female,146.182.175.90,Sweden
432,Jessa,Garm,jgarmbz@japanpost.jp,Female,141.197.209.225,Indonesia
433,Garwin,Cassey,gcasseyc0@home.pl,Male,79.79.178.61,Honduras
434,Jayne,Tomisch,jtomischc1@globo.com,Female,26.146.210.189,China
435,Torr,Gethin,tgethinc2@cnbc.com,Male,169.232.1.48,Poland
436,Pippy,Tropman,ptropmanc3@mit.edu,Female,78.83.10.2,Kuwait
437,Brittan,Durkin,bdurkinc4@va.gov,Female,30.107.72.120,Sri Lanka
438,Katherina,Bowdler,kbowdlerc5@issuu.com,Female,185.130.144.200,Russia
439,Tedmund,Spitaro,tspitaroc6@netvibes.com,Male,46.52.70.18,Philippines
440,Gerry,Rawling,grawlingc7@cyberchimps.com,Male,163.19.132.54,Croatia
441,Brod,Iacovelli,biacovellic8@de.vu,Male,123.146.16.63,Philippines
442,Piper,Dewick,pdewickc9@japanpost.jp,Female,100.242.51.9,Indonesia
443,Nike,Prisk,npriskca@spiegel.de,Female,43.232.154.251,Morocco
444,Carl,Cossons,ccossonscb@furl.net,Genderfluid,51.100.129.167,Micronesia
445,Devland,Righy,drighycc@senate.gov,Male,149.155.121.52,China
446,Florance,Bartoleyn,fbartoleyncd@ca.gov,Female,75.215.164.152,Russia
447,Darleen,Haitlie,dhaitliece@ihg.com,Genderqueer,42.143.131.180,Indonesia
448,Mayne,Maffioletti,mmaffioletticf@biglobe.ne.jp,Male,29.221.11.96,Finland
449,Jarret,Iglesia,jiglesiacg@e-recht24.de,Male,10.247.174.5,Brazil
450,Lexi,Blondin,lblondinch@zimbio.com,Female,192.163.137.87,Poland
451,Lotti,Murtagh,lmurtaghci@ask.com,Bigender,192.113.223.65,Indonesia
452,Willie,Oger,wogercj@ox.ac.uk,Male,178.47.152.203,United States
453,Nobie,McCool,nmccoolck@prnewswire.com,Male,229.112.142.108,Sweden
454,Derward,Mathieu,dmathieucl@yellowbook.com,Male,42.177.93.171,Serbia
455,Quillan,Leetham,qleethamcm@youtube.com,Agender,70.218.198.120,Argentina
456,Valentino,Barwell,vbarwellcn@last.fm,Male,212.244.59.226,China
457,Alysia,Gouth,agouthco@nifty.com,Polygender,245.33.139.168,Japan
458,Hazel,Emmanuele,hemmanuelecp@technorati.com,Female,188.135.254.128,Indonesia
459,Berkeley,Corgenvin,bcorgenvincq@yellowbook.com,Polygender,20.19.237.254,Macedonia
460,Faber,Scrace,fscracecr@sakura.ne.jp,Male,129.12.42.82,Iran
461,Bald,Gerwood,bgerwoodcs@instagram.com,Male,146.132.2.48,Mexico
462,Alfy,Spruce,asprucect@geocities.jp,Female,7.184.147.202,Israel
463,Lenka,MacPeake,lmacpeakecu@time.com,Genderqueer,88.232.70.36,China
464,Constantine,Ahrens,cahrenscv@comcast.net,Male,209.185.239.113,Russia
465,Randee,Bane,rbanecw@zdnet.com,Female,152.99.184.168,China
466,Felicity,Gibke,fgibkecx@google.cn,Female,106.51.240.109,Philippines
467,Marleen,Embury,memburycy@vkontakte.ru,Agender,188.166.127.164,Indonesia
468,Robinetta,Kimbell,rkimbellcz@mozilla.org,Female,188.124.29.239,China
469,Daffy,Impett,dimpettd0@google.com.au,Bigender,158.169.88.237,Russia
470,Thornton,Blanket,tblanketd1@si.edu,Male,37.162.244.193,China
471,Tirrell,Goley,tgoleyd2@nymag.com,Male,231.233.127.250,China
472,Rancell,Lonsdale,rlonsdaled3@census.gov,Male,25.119.66.40,Ukraine
473,Ev,Dunnett,edunnettd4@freewebs.com,Genderfluid,156.146.172.233,Indonesia
474,Letty,Shea,lshead5@imageshack.us,Female,249.24.78.163,Brazil
475,Margit,Lanyon,mlanyond6@ucoz.com,Female,242.180.54.223,United States
476,Andrea,Sandom,asandomd7@google.ca,Male,170.119.32.252,China
477,Cher,Ring,cringd8@google.ru,Female,235.232.226.50,China
478,Lilyan,Sidery,lsideryd9@spiegel.de,Female,7.172.187.219,Malaysia
479,Paolo,Gass,pgassda@wikispaces.com,Bigender,144.215.198.136,Cyprus
480,Jody,Aleso,jalesodb@topsy.com,Agender,251.209.7.93,Cyprus
481,Kendra,Borit,kboritdc@google.fr,Female,173.91.97.121,Philippines
482,Vannie,Dodd,vdodddd@huffingtonpost.com,Female,195.141.152.250,Croatia
483,Francesca,Bugg,fbuggde@foxnews.com,Female,82.197.175.169,Palau
484,Allyson,Hastwell,ahastwelldf@ovh.net,Female,207.177.80.91,China
485,Sibley,Tidey,stideydg@ustream.tv,Female,92.4.217.65,Philippines
486,Brig,Ollerenshaw,bollerenshawdh@unicef.org,Male,7.3.247.252,Philippines
487,Egor,Dumingo,edumingodi@earthlink.net,Male,77.151.86.108,China
488,Chas,Jedrzejkiewicz,cjedrzejkiewiczdj@harvard.edu,Male,138.57.3.61,China
489,Abra,Martinson,amartinsondk@histats.com,Female,84.45.116.73,Canada
490,Kym,Gritland,kgritlanddl@netlog.com,Female,190.25.228.1,Indonesia
491,Felecia,Timms,ftimmsdm@examiner.com,Female,208.12.99.44,China
492,Ike,Rockwell,irockwelldn@epa.gov,Male,44.170.231.12,Malaysia
493,Nadean,Brastead,nbrasteaddo@webnode.com,Female,243.13.122.113,Slovenia
494,Godiva,Laughlin,glaughlindp@sfgate.com,Female,118.176.175.218,Indonesia
495,Chad,Eacott,ceacottdq@cmu.edu,Male,49.44.225.149,Luxembourg
496,Joseph,Hiscoke,jhiscokedr@patch.com,Male,204.63.45.61,Peru
497,Evelyn,Castana,ecastanads@mit.edu,Genderfluid,193.150.143.231,Indonesia
498,Zechariah,O'Beirne,zobeirnedt@nsw.gov.au,Male,84.57.5.117,Jordan
499,Delinda,Macura,dmacuradu@bing.com,Female,142.34.167.230,Tunisia
500,Clarabelle,Orpwood,corpwooddv@foxnews.com,Female,52.204.1.227,Finland
501,Alison,Upsale,aupsaledw@cisco.com,Female,244.148.239.43,China
502,Valeria,Kensett,vkensettdx@nifty.com,Female,108.74.218.146,Russia
503,Cortney,Hunnisett,chunnisettdy@imdb.com,Female,19.248.195.131,Peru
504,Abelard,Bravery,abraverydz@gizmodo.com,Male,67.61.60.52,Philippines
505,Mikel,Ulyet,mulyete0@eventbrite.com,Male,216.158.227.225,Indonesia
506,Von,Skeete,vskeetee1@squidoo.com,Male,227.156.25.45,China
507,Alfonse,Bramwell,abramwelle2@go.com,Male,178.83.118.214,Finland
508,Johnathon,McMychem,jmcmycheme3@gnu.org,Male,32.185.176.19,Azerbaijan
509,Carine,Chazerand,cchazerande4@addthis.com,Female,70.71.200.13,Peru
510,Corene,Lazare,clazaree5@example.com,Female,124.242.244.135,Czech Republic
511,Itch,Smorthit,ismorthite6@blogtalkradio.com,Agender,155.140.48.144,China
512,Farr,Repp,freppe7@loc.gov,Male,83.140.112.35,Peru
513,Celia,Grahl,cgrahle8@answers.com,Female,182.93.121.204,Mexico
514,Dodie,Borland,dborlande9@blogs.com,Female,46.186.245.251,Zambia
515,Ellen,Wintringham,ewintringhamea@histats.com,Female,23.177.206.31,Indonesia
516,Rudyard,Manuely,rmanuelyeb@abc.net.au,Male,71.88.29.24,Honduras
517,Jeramey,Brimmacombe,jbrimmacombeec@washington.edu,Male,188.23.195.65,France
518,Sumner,Dockrell,sdockrelled@paginegialle.it,Male,241.162.244.132,Kyrgyzstan
519,Rivy,Fells,rfellsee@joomla.org,Female,188.241.207.135,Portugal
520,Gonzalo,Jarley,gjarleyef@ycombinator.com,Male,141.79.90.43,China
521,Shea,Doerr,sdoerreg@deliciousdays.com,Male,194.6.42.9,China
522,Salim,Pilmore,spilmoreeh@bloomberg.com,Male,118.25.66.249,Russia
523,Mellisa,Gother,mgotherei@cbc.ca,Female,160.252.116.37,China
524,Marabel,Victoria,mvictoriaej@toplist.cz,Female,16.12.31.102,China
525,Damien,Orange,dorangeek@addtoany.com,Male,132.54.86.21,China
526,Reinhold,Pyvis,rpyvisel@army.mil,Male,82.51.235.148,China
527,Vivianna,Leigh,vleighem@macromedia.com,Female,115.144.39.32,Sri Lanka
528,Belita,Layton,blaytonen@auda.org.au,Female,98.142.53.59,Czech Republic
529,Pincus,Taplin,ptaplineo@homestead.com,Male,136.81.140.114,Syria
530,Holly,Shercliff,hshercliffep@shinystat.com,Male,223.246.226.122,Indonesia
531,Aleda,Traite,atraiteeq@indiatimes.com,Female,218.164.32.45,Brazil
532,Yehudi,Heersma,yheersmaer@hud.gov,Male,78.229.111.163,China
533,Cammy,Camsey,ccamseyes@google.co.uk,Female,224.193.108.186,China
534,Antonin,Stuke,astukeet@theglobeandmail.com,Male,114.100.33.68,Jamaica
535,Eb,Kupis,ekupiseu@paginegialle.it,Genderqueer,112.184.114.96,Indonesia
536,Mile,McKeighen,mmckeighenev@youtube.com,Bigender,190.105.99.145,China
537,Marco,Garrard,mgarrardew@bbc.co.uk,Male,65.232.249.125,Russia
538,Analiese,Zoane,azoaneex@deviantart.com,Non-binary,138.170.177.243,United States
539,Stewart,Gerrels,sgerrelsey@ovh.net,Male,14.8.119.110,China
540,Therese,Baser,tbaserez@bing.com,Female,6.118.39.37,Norway
541,Deva,Bather,dbatherf0@businessweek.com,Female,174.59.100.128,Indonesia
542,Cassandry,Dobbie,cdobbief1@examiner.com,Female,19.105.144.128,China
543,Correy,Edlyn,cedlynf2@aboutads.info,Male,71.162.98.93,Mexico
544,Hugh,Kinset,hkinsetf3@alexa.com,Genderfluid,71.3.228.234,Portugal
545,Zora,Schutze,zschutzef4@msu.edu,Female,13.88.79.195,Argentina
546,Nanette,Meaking,nmeakingf5@posterous.com,Female,162.34.35.234,China
547,Anna-maria,Fairbourne,afairbournef6@sakura.ne.jp,Female,230.14.147.115,Thailand
548,Hanson,Slocket,hslocketf7@soup.io,Male,255.84.201.237,United States
549,Rhett,Hugueville,rhuguevillef8@hp.com,Male,162.182.145.131,China
550,Lilas,Goch,lgochf9@whitehouse.gov,Non-binary,109.246.143.7,China
551,Dyan,Oseman,dosemanfa@paypal.com,Female,27.18.251.139,Armenia
552,Chaim,Peattie,cpeattiefb@artisteer.com,Male,64.174.36.204,Colombia
553,Eddi,Pinxton,epinxtonfc@wikispaces.com,Female,51.133.74.6,China
554,Irv,Rosingdall,irosingdallfd@ow.ly,Male,104.184.220.188,China
555,Francine,Tigner,ftignerfe@pbs.org,Female,130.126.48.173,Poland
556,Issiah,Northway,inorthwayff@columbia.edu,Male,181.153.177.11,Indonesia
557,Erena,Kill,ekillfg@discuz.net,Female,137.2.54.222,Indonesia
558,Hieronymus,Stammer,hstammerfh@free.fr,Male,160.20.171.145,Poland
559,Vivyanne,Terrans,vterransfi@cbsnews.com,Female,147.165.9.49,Cuba
560,Roseline,Putton,rputtonfj@wordpress.org,Female,43.14.141.149,Indonesia
561,Bobbie,Khadir,bkhadirfk@goo.gl,Female,116.235.24.244,Poland
562,Sophia,McPhee,smcpheefl@theglobeandmail.com,Female,249.37.9.115,Philippines
563,Olivie,Sainsbury,osainsburyfm@vinaora.com,Female,144.84.154.19,Sweden
564,Celisse,Riddoch,criddochfn@hud.gov,Female,167.223.183.76,Philippines
565,Shurwood,Pirrone,spirronefo@seesaa.net,Male,31.195.13.70,Iran
566,Quincy,Riditch,qriditchfp@telegraph.co.uk,Male,11.131.122.75,China
567,Aldric,Entissle,aentisslefq@cargocollective.com,Agender,34.9.24.178,Philippines
568,Shaina,Weare,swearefr@fda.gov,Female,100.89.126.254,Ukraine
569,Emmit,Rout,eroutfs@walmart.com,Male,206.250.25.152,United States
570,Diarmid,Zemler,dzemlerft@storify.com,Agender,255.115.184.51,China
571,Lincoln,Marshalleck,lmarshalleckfu@cnet.com,Genderfluid,155.59.46.161,Philippines
572,Amata,Pechan,apechanfv@nationalgeographic.com,Female,251.129.51.105,Philippines
573,Vale,Corse,vcorsefw@list-manage.com,Male,225.4.106.25,Indonesia
574,Claudelle,Santos,csantosfx@smh.com.au,Female,170.220.110.138,Portugal
575,Juliane,Beet,jbeetfy@g.co,Female,119.156.63.20,United States
576,Faustina,Cleobury,fcleoburyfz@state.gov,Female,173.201.155.232,South Africa
577,Hilliary,Buncom,hbuncomg0@liveinternet.ru,Genderqueer,198.27.233.118,Portugal
578,Hewe,Relton,hreltong1@cam.ac.uk,Male,61.243.53.106,China
579,Janina,Konke,jkonkeg2@msu.edu,Female,241.169.132.38,Iran
580,Luciana,Montford,lmontfordg3@yahoo.com,Female,62.47.141.111,Sweden
581,Zackariah,Braidley,zbraidleyg4@vimeo.com,Male,59.77.153.62,Syria
582,Rob,Pervoe,rpervoeg5@icq.com,Male,68.60.173.133,United States
583,Paddy,Brunone,pbrunoneg6@whitehouse.gov,Male,126.0.101.46,China
584,Fabiano,Mobberley,fmobberleyg7@reddit.com,Male,228.237.2.134,Argentina
585,Petrina,Konmann,pkonmanng8@paginegialle.it,Female,202.201.118.190,Czech Republic
586,Whitney,Readings,wreadingsg9@posterous.com,Male,79.135.177.248,Portugal
587,Charlie,Nerval,cnervalga@php.net,Male,232.84.207.201,Indonesia
588,Corrina,Kulas,ckulasgb@wikipedia.org,Female,112.74.237.215,Poland
589,Bryon,Markovic,bmarkovicgc@geocities.jp,Male,12.60.216.9,Malaysia
590,Jedediah,Drynan,jdrynangd@biglobe.ne.jp,Male,190.113.98.35,Egypt
591,Wright,Brosoli,wbrosolige@last.fm,Male,145.165.103.95,Poland
592,Neddie,Noell,nnoellgf@yahoo.com,Male,240.58.239.28,France
593,Agatha,Branson,abransongg@tamu.edu,Female,57.227.62.213,Philippines
594,Fleming,Boteman,fbotemangh@youku.com,Male,1.37.206.222,Indonesia
595,Elsey,Wilcinskis,ewilcinskisgi@patch.com,Female,36.88.249.94,Bulgaria
596,Hillier,Gayne,hgaynegj@merriam-webster.com,Male,185.141.89.39,Poland
597,Alyssa,Hazelby,ahazelbygk@scientificamerican.com,Female,206.82.93.69,Philippines
598,Court,Petera,cpeteragl@qq.com,Male,111.95.199.58,Colombia
599,Nan,Wanley,nwanleygm@scribd.com,Female,19.124.39.247,Indonesia
600,Prue,Stirley,pstirleygn@pcworld.com,Female,53.38.178.90,France
601,Hinda,Rochford,hrochfordgo@intel.com,Female,166.128.119.223,Vietnam
602,Sullivan,Lentsch,slentschgp@scribd.com,Male,232.39.229.73,Sweden
603,Guillermo,Wickins,gwickinsgq@buzzfeed.com,Male,214.249.189.24,China
604,Duffie,Lunk,dlunkgr@shop-pro.jp,Male,3.242.44.107,Iceland
605,Nikolai,Shatliff,nshatliffgs@unicef.org,Male,163.40.100.2,China
606,Brady,Fruish,bfruishgt@apache.org,Male,96.216.25.42,Brazil
607,Tallulah,Hazeldene,thazeldenegu@spiegel.de,Female,101.88.198.143,Indonesia
608,Reese,Vedeneev,rvedeneevgv@ucoz.ru,Genderfluid,255.33.108.116,Russia
609,Sol,Neller,snellergw@livejournal.com,Male,23.102.39.49,Portugal
610,Godwin,Tulleth,gtullethgx@hao123.com,Male,51.137.135.90,China
611,Bartolomeo,Pipworth,bpipworthgy@histats.com,Male,112.86.84.157,Croatia
612,Annora,Cobain,acobaingz@marketwatch.com,Female,88.75.30.31,China
613,Thia,Zanassi,tzanassih0@answers.com,Female,75.8.136.37,China
614,Reyna,Westcarr,rwestcarrh1@canalblog.com,Female,240.122.237.43,Australia
615,Faun,Gehrtz,fgehrtzh2@loc.gov,Female,188.5.138.169,Poland
616,Tildie,Ramel,tramelh3@cnet.com,Female,248.239.66.144,Norway
617,Katheryn,Smidmoor,ksmidmoorh4@europa.eu,Female,236.196.27.219,China
618,Leeland,Marre,lmarreh5@psu.edu,Male,160.213.136.130,Poland
619,Colver,Lauderdale,clauderdaleh6@elpais.com,Male,207.33.171.48,Ireland
620,Noel,Fullagar,nfullagarh7@sphinn.com,Female,108.149.51.167,Nigeria
621,Merline,Ayres,mayresh8@ox.ac.uk,Female,178.94.248.79,China
622,Nissa,Rochford,nrochfordh9@blogger.com,Female,23.125.11.210,Poland
623,Felita,Veracruysse,fveracruysseha@aol.com,Female,201.72.178.8,Qatar
624,Nona,Baber,nbaberhb@techcrunch.com,Female,113.29.237.214,Greece
625,Gayleen,Werrett,gwerretthc@quantcast.com,Female,105.150.236.98,Ireland
626,Ronny,Mitchener,rmitchenerhd@cpanel.net,Male,51.107.14.172,Central African Republic
627,Avis,Adkin,aadkinhe@un.org,Female,119.13.135.63,Indonesia
628,Dode,Smewin,dsmewinhf@blog.com,Female,155.214.127.255,Mongolia
629,Ofella,Keates,okeateshg@reddit.com,Female,208.123.234.45,Albania
630,Iolanthe,Cahillane,icahillanehh@yandex.ru,Female,7.3.124.72,Cameroon
631,Scarlett,Cotesford,scotesfordhi@people.com.cn,Genderqueer,67.231.135.222,United States
632,Amalle,Pople,apoplehj@yale.edu,Female,76.177.41.236,Brazil
633,Alon,Lingard,alingardhk@merriam-webster.com,Male,67.106.46.42,France
634,Lebbie,Enderson,lendersonhl@yellowbook.com,Female,17.116.168.187,Yemen
635,Nonnah,Hehnke,nhehnkehm@msu.edu,Female,209.123.243.213,China
636,Nickolaus,Jahner,njahnerhn@wiley.com,Male,30.139.217.95,Afghanistan
637,Felizio,Perillo,fperilloho@nps.gov,Male,35.82.134.124,France
638,Audie,Philson,aphilsonhp@cornell.edu,Female,179.147.182.206,Japan
639,Gabe,Gatfield,ggatfieldhq@pinterest.com,Male,223.63.43.140,Guatemala
640,Goldi,Jodrellec,gjodrellechr@forbes.com,Female,17.238.52.240,Nigeria
641,My,Tapping,mtappinghs@godaddy.com,Male,0.118.121.40,China
642,Kiah,Spickett,kspickettht@symantec.com,Female,151.167.69.242,Niger
643,Gretchen,Ganter,gganterhu@icio.us,Female,197.102.93.131,United States
644,Chuck,Gothup,cgothuphv@deviantart.com,Male,239.232.20.83,Indonesia
645,Jenilee,Beange,jbeangehw@weebly.com,Female,250.85.111.239,Cuba
646,Xever,Langmaid,xlangmaidhx@auda.org.au,Male,229.82.180.32,Indonesia
647,Gannie,Lexa,glexahy@state.gov,Male,20.96.210.233,Portugal
648,Shaughn,Furmston,sfurmstonhz@jalbum.net,Male,222.169.186.46,China
649,Chan,Wildish,cwildishi0@qq.com,Male,117.253.33.164,Paraguay
650,Odell,Waith,owaithi1@51.la,Male,240.234.244.211,Syria
651,Emanuele,Frany,efranyi2@tripadvisor.com,Male,48.132.57.160,Poland
652,Trenna,Tuley,ttuleyi3@fastcompany.com,Female,222.80.208.82,France
653,Anallese,Sandbrook,asandbrooki4@quantcast.com,Female,247.180.184.71,Brazil
654,Lynnett,McGlynn,lmcglynni5@disqus.com,Female,3.204.136.211,Egypt
655,Jabez,Sampey,jsampeyi6@dedecms.com,Male,153.77.176.36,China
656,Craggy,Wareham,cwarehami7@unc.edu,Male,108.49.121.72,Brazil
657,Burnard,Bonner,bbonneri8@hhs.gov,Male,161.37.211.209,Vietnam
658,Aretha,Ludgrove,aludgrovei9@thetimes.co.uk,Female,36.10.202.32,Colombia
659,Corey,Garbutt,cgarbuttia@washingtonpost.com,Female,32.21.153.221,Portugal
660,Esme,Ormonde,eormondeib@mapy.cz,Female,236.251.200.169,France
661,Amalita,Bakes,abakesic@deviantart.com,Female,239.85.76.181,Nepal
662,Gabi,Ingall,gingallid@google.de,Female,105.105.119.7,Portugal
663,Dalia,Longforth,dlongforthie@oakley.com,Female,139.25.82.168,Russia
664,Geoff,Croucher,gcroucherif@bbc.co.uk,Male,98.6.81.198,China
665,Marshall,Challice,mchalliceig@mtv.com,Male,227.61.140.184,Indonesia
666,Sibley,Shackleton,sshackletonih@usa.gov,Non-binary,51.238.114.138,Japan
667,Harriott,Glasscock,hglasscockii@linkedin.com,Female,104.127.240.203,Poland
668,Wadsworth,Shakshaft,wshakshaftij@google.com.hk,Male,113.88.167.18,China
669,Peri,Mauger,pmaugerik@seesaa.net,Female,76.73.171.126,Indonesia
670,Silvie,Tossell,stossellil@google.fr,Genderqueer,158.108.217.57,United States
671,Hort,Peasee,hpeaseeim@ustream.tv,Non-binary,237.142.126.65,Poland
672,Vidovic,Vinnick,vvinnickin@apple.com,Male,117.189.231.238,China
673,Penn,Kopke,pkopkeio@chicagotribune.com,Polygender,179.241.84.187,Burkina Faso
674,Rory,Tichner,rtichnerip@aboutads.info,Male,67.218.175.138,Greece
675,Sebastian,Sydney,ssydneyiq@oracle.com,Polygender,85.82.133.198,Thailand
676,Trudie,Gammons,tgammonsir@reverbnation.com,Female,103.254.219.240,El Salvador
677,Rainer,Butter,rbutteris@list-manage.com,Male,180.50.30.136,Norway
678,Melba,Boud,mboudit@theatlantic.com,Female,92.254.199.57,Brazil
679,Ollie,Gaish,ogaishiu@globo.com,Male,128.82.165.123,United States
680,Graehme,McGiffin,gmcgiffiniv@arstechnica.com,Male,190.89.4.157,Peru
681,Stafani,Serfati,sserfatiiw@answers.com,Female,26.37.157.96,Indonesia
682,Brantley,Grundy,bgrundyix@sfgate.com,Male,22.112.114.88,Thailand
683,Lance,Doughartie,ldoughartieiy@ovh.net,Male,175.159.87.238,China
684,Herculie,Gepp,hgeppiz@amazon.com,Male,69.188.9.107,Colombia
685,Mellicent,Ellick,mellickj0@bbb.org,Bigender,230.109.1.177,Zambia
686,Fae,Penkman,fpenkmanj1@etsy.com,Female,195.240.238.23,Indonesia
687,Meggy,Skipperbottom,mskipperbottomj2@naver.com,Female,5.212.12.32,Russia
688,Eldredge,Peirone,epeironej3@craigslist.org,Male,207.176.68.128,Czech Republic
689,Spike,Tubb,stubbj4@buzzfeed.com,Male,196.60.199.31,China
690,Rhianon,Villa,rvillaj5@istockphoto.com,Female,81.67.137.227,France
691,Bar,Richel,brichelj6@foxnews.com,Male,181.231.135.6,Philippines
692,Adele,Shwenn,ashwennj7@adobe.com,Female,92.94.38.162,China
693,Carmina,Bartos,cbartosj8@altervista.org,Female,78.231.70.244,Portugal
694,Sayre,Dudson,sdudsonj9@yale.edu,Male,67.82.36.124,Poland
695,Lari,Tuplin,ltuplinja@earthlink.net,Female,21.0.185.178,China
696,Jori,Reddick,jreddickjb@home.pl,Female,231.184.71.174,Philippines
697,Stinky,Cammell,scammelljc@blogger.com,Male,87.214.183.185,China
698,Valentine,Bluschke,vbluschkejd@hubpages.com,Male,253.54.34.22,Peru
699,Daron,Symondson,dsymondsonje@theglobeandmail.com,Male,159.46.161.246,North Korea
700,Frederik,Siman,fsimanjf@marriott.com,Genderfluid,166.137.123.183,China
701,Clarisse,Moryson,cmorysonjg@sfgate.com,Female,145.88.225.124,Peru
702,Jeanelle,Lucchi,jlucchijh@sciencedirect.com,Female,87.189.229.168,Reunion
703,Durward,Emeney,demeneyji@icq.com,Male,193.80.174.176,Ukraine
704,Stinky,Toleman,stolemanjj@nifty.com,Male,132.40.66.20,Portugal
705,Bink,Shearwood,bshearwoodjk@nih.gov,Male,168.129.175.206,Indonesia
706,Pembroke,Geane,pgeanejl@tamu.edu,Male,138.1.68.202,Papua New Guinea
707,Karia,Rudgley,krudgleyjm@mtv.com,Female,95.145.226.111,United States
708,Hilario,Shurlock,hshurlockjn@typepad.com,Male,247.221.241.239,Indonesia
709,Allix,Roblett,aroblettjo@reverbnation.com,Female,247.182.159.70,Iran
710,Candy,Basnall,cbasnalljp@webmd.com,Female,83.196.114.100,Lithuania
711,Cynthea,Ney,cneyjq@springer.com,Female,200.201.169.117,Micronesia
712,Brent,Tooley,btooleyjr@vinaora.com,Male,134.157.21.246,China
713,Coral,Muckley,cmuckleyjs@hao123.com,Female,60.63.123.107,Norway
714,Maury,Shyre,mshyrejt@netlog.com,Genderqueer,8.2.171.111,Czech Republic
715,Maryl,Curner,mcurnerju@miitbeian.gov.cn,Female,141.166.125.217,Russia
716,Barry,McReidy,bmcreidyjv@boston.com,Male,23.246.124.171,Sweden
717,Delmore,Seakings,dseakingsjw@unesco.org,Male,144.119.14.53,Indonesia
718,Maggy,Creak,mcreakjx@yellowpages.com,Female,239.47.89.123,France
719,Stafani,Stow,sstowjy@senate.gov,Female,162.118.117.150,Bulgaria
720,Nelly,Spencock,nspencockjz@blogs.com,Female,210.148.94.45,France
721,Frazier,Dowsett,fdowsettk0@unicef.org,Male,200.125.22.61,China
722,Dorolice,Manjin,dmanjink1@comcast.net,Female,227.107.37.70,Afghanistan
723,Cayla,Sharkey,csharkeyk2@4shared.com,Female,17.207.197.139,China
724,Ursuline,Antecki,uanteckik3@statcounter.com,Female,81.61.156.85,Argentina
725,Linda,Ullock,lullockk4@census.gov,Polygender,59.159.159.42,Poland
726,Samaria,Bushrod,sbushrodk5@who.int,Female,185.218.163.22,France
727,Eba,Deards,edeardsk6@walmart.com,Female,21.179.67.194,Panama
728,Maren,Hulles,mhullesk7@comsenz.com,Female,97.226.247.242,Philippines
729,Del,Grand,dgrandk8@oakley.com,Male,59.33.200.72,China
730,Kennith,Schach,kschachk9@bloglovin.com,Genderfluid,213.158.182.52,Norway
731,Fayina,Bachnic,fbachnicka@csmonitor.com,Female,132.251.132.192,Poland
732,Giuditta,Benitti,gbenittikb@storify.com,Female,191.67.197.228,Japan
733,Rena,Nowick,rnowickkc@unicef.org,Female,145.209.122.237,Ukraine
734,Oneida,Jerwood,ojerwoodkd@unblog.fr,Female,244.31.70.125,Philippines
735,Jan,Ziemens,jziemenske@paginegialle.it,Female,188.142.45.153,Portugal
736,Jeniece,Ogilvy,jogilvykf@nba.com,Female,167.77.29.13,France
737,Dalli,Sherrington,dsherringtonkg@goo.gl,Male,97.232.127.120,China
738,Olwen,Axleby,oaxlebykh@nature.com,Female,127.195.237.190,Brazil
739,Marsha,Monkleigh,mmonkleighki@smugmug.com,Female,154.36.70.115,Indonesia
740,Darcey,Hatch,dhatchkj@opensource.org,Female,153.81.44.87,Canada
741,Susanetta,Balharry,sbalharrykk@house.gov,Female,222.226.34.255,Nigeria
742,Terrell,Domegan,tdomegankl@senate.gov,Male,102.205.203.200,Honduras
743,Sallee,Garroway,sgarrowaykm@eepurl.com,Bigender,236.188.32.151,Morocco
744,Roanne,Antliff,rantliffkn@narod.ru,Female,8.11.51.192,New Zealand
745,Waldemar,Rust,wrustko@wix.com,Male,202.65.12.77,China
746,Willi,Hardman,whardmankp@foxnews.com,Male,190.225.254.50,Brazil
747,Tricia,Sandell,tsandellkq@1und1.de,Female,171.25.135.235,Brazil
748,Carolin,Krauze,ckrauzekr@tiny.cc,Female,219.168.220.76,Indonesia
749,Hugh,Lethley,hlethleyks@xing.com,Male,112.115.114.134,Philippines
750,Lolita,Kondratovich,lkondratovichkt@mtv.com,Female,46.255.24.253,Czech Republic
751,Maxy,Decent,mdecentku@webnode.com,Female,53.24.220.118,China
752,Hastie,Gaishson,hgaishsonkv@bbb.org,Male,23.73.75.67,China
753,Fidelity,Slinger,fslingerkw@ibm.com,Female,184.8.145.139,China
754,Mathian,Goolden,mgooldenkx@stanford.edu,Male,213.172.57.59,China
755,Moise,Dalyiel,mdalyielky@mlb.com,Male,88.154.211.26,Portugal
756,Ellary,Lanchester,elanchesterkz@go.com,Male,205.237.25.150,China
757,Mufinella,Oulet,mouletl0@chicagotribune.com,Female,82.65.206.138,Malaysia
758,Colline,Alessandretti,calessandrettil1@go.com,Genderfluid,155.117.149.204,China
759,Madelena,Kydd,mkyddl2@goodreads.com,Female,245.117.80.52,Ghana
760,Eric,Clemmey,eclemmeyl3@latimes.com,Male,184.16.221.177,Japan
761,Goddart,Ghirigori,gghirigoril4@merriam-webster.com,Male,91.43.170.111,Netherlands
762,Merrill,Joost,mjoostl5@issuu.com,Male,137.167.139.55,Thailand
763,Tad,Kramer,tkramerl6@miitbeian.gov.cn,Male,14.42.91.153,Indonesia
764,Modesta,Hibbart,mhibbartl7@cbc.ca,Female,232.41.250.55,Indonesia
765,Chad,Matthisson,cmatthissonl8@fc2.com,Male,72.96.199.67,China
766,Bertie,Bartaloni,bbartalonil9@simplemachines.org,Female,149.169.14.237,Martinique
767,Daryle,Pawelski,dpawelskila@yahoo.com,Male,218.152.200.249,France
768,Juliet,Vatini,jvatinilb@ning.com,Female,2.88.69.96,United States
769,Arleta,Kebell,akebelllc@qq.com,Female,168.201.18.41,Colombia
770,Genny,Corkel,gcorkelld@kickstarter.com,Female,102.187.213.93,Portugal
771,Hieronymus,McPhilemy,hmcphilemyle@hud.gov,Male,146.234.244.54,Vietnam
772,Minny,Casford,mcasfordlf@bravesites.com,Female,59.89.1.30,Guatemala
773,Gay,Heavyside,gheavysidelg@parallels.com,Male,46.234.16.91,Canada
774,Isis,Ditts,idittslh@xrea.com,Female,170.167.207.168,Thailand
775,Hanson,Bossom,hbossomli@netvibes.com,Male,103.128.168.24,Mexico
776,Peterus,Eliasson,peliassonlj@utexas.edu,Male,74.180.81.111,China
777,Nikaniki,Tring,ntringlk@blinklist.com,Female,81.116.233.83,Philippines
778,Kirk,Chadwen,kchadwenll@unicef.org,Male,69.23.41.198,Indonesia
779,Annie,Steade,asteadelm@boston.com,Female,218.209.244.55,Indonesia
780,Peter,Bus,pbusln@biglobe.ne.jp,Male,67.170.124.23,Ukraine
781,Audy,MacCardle,amaccardlelo@msu.edu,Female,151.180.137.253,Namibia
782,Bamby,Deeves,bdeeveslp@cbc.ca,Female,122.176.2.15,Sweden
783,Billie,Guillerman,bguillermanlq@craigslist.org,Male,42.127.223.186,Czech Republic
784,Herculie,Shenley,hshenleylr@mapy.cz,Male,174.162.63.174,France
785,Reilly,Gersam,rgersamls@oakley.com,Male,44.98.12.181,Indonesia
786,Seward,Malone,smalonelt@ezinearticles.com,Male,192.240.187.138,France
787,Fawnia,Gorriessen,fgorriessenlu@wikimedia.org,Female,6.195.184.255,Greenland
788,Moyra,Whatling,mwhatlinglv@dion.ne.jp,Female,107.95.71.240,Philippines
789,Garland,Boltwood,gboltwoodlw@wikia.com,Female,84.251.22.176,Russia
790,Chandal,Milton-White,cmiltonwhitelx@rambler.ru,Female,104.249.54.187,Mexico
791,Maurice,Craine,mcrainely@ehow.com,Male,52.173.130.206,Nigeria
792,Faulkner,Graffin,fgraffinlz@last.fm,Male,156.245.249.201,China
793,Barr,Szreter,bszreterm0@tmall.com,Male,43.39.2.15,Indonesia
794,Arleen,Pley,apleym1@princeton.edu,Female,105.90.232.106,Russia
795,Melly,Frill,mfrillm2@simplemachines.org,Female,20.253.181.14,Ethiopia
796,Avictor,Swadlen,aswadlenm3@independent.co.uk,Male,73.160.167.87,Indonesia
797,Beatrix,Brodest,bbrodestm4@clickbank.net,Female,158.247.99.243,Poland
798,Lorrayne,Heditch,lheditchm5@usda.gov,Female,169.118.37.83,United States
799,Zebedee,Sammes,zsammesm6@wsj.com,Male,147.65.20.41,Philippines
800,Caroline,Mishow,cmishowm7@purevolume.com,Female,197.180.225.17,Brazil
801,Grayce,Omrod,gomrodm8@biblegateway.com,Female,210.102.54.224,Nicaragua
802,Rouvin,Lafont,rlafontm9@squarespace.com,Male,157.199.88.6,China
803,Beitris,Drewitt,bdrewittma@squidoo.com,Female,1.91.232.110,Malta
804,Erma,Siemon,esiemonmb@youku.com,Female,108.76.237.130,Indonesia
805,Ivan,Prosser,iprossermc@free.fr,Male,36.127.68.217,Croatia
806,Gilemette,Broinlich,gbroinlichmd@paypal.com,Female,220.153.151.196,Indonesia
807,Magdaia,Ayliff,mayliffme@usnews.com,Female,81.2.210.116,Costa Rica
808,Saraann,Raylton,srayltonmf@kickstarter.com,Female,110.69.42.129,Russia
809,Samuel,Shaplin,sshaplinmg@shutterfly.com,Male,114.137.222.149,Venezuela
810,Isahella,Willoughley,iwilloughleymh@ft.com,Female,161.201.222.237,Iraq
811,Siouxie,MacGraith,smacgraithmi@shutterfly.com,Polygender,88.110.80.71,Indonesia
812,Hanny,Briddock,hbriddockmj@ehow.com,Female,49.250.138.77,Thailand
813,Zebulen,O'Currine,zocurrinemk@gov.uk,Male,161.123.138.231,South Africa
814,Wilma,Morales,wmoralesml@digg.com,Female,21.79.26.116,Indonesia
815,Estel,Beazey,ebeazeymm@cargocollective.com,Polygender,46.200.215.74,Thailand
816,Johannah,Loweth,jlowethmn@reverbnation.com,Female,155.238.251.125,Serbia
817,Esdras,Manderson,emandersonmo@de.vu,Male,202.132.115.174,China
818,Aleta,Rusling,aruslingmp@wisc.edu,Female,214.232.220.55,Venezuela
819,Leesa,Few,lfewmq@posterous.com,Female,77.142.38.225,Russia
820,Enrique,Guyonnet,eguyonnetmr@telegraph.co.uk,Polygender,134.201.126.239,Philippines
821,Vinson,Brogioni,vbrogionims@sakura.ne.jp,Agender,51.151.12.27,Portugal
822,Darbie,Rhodes,drhodesmt@auda.org.au,Female,213.91.145.145,China
823,Hestia,Aulton,haultonmu@umn.edu,Female,94.117.255.140,Brazil
824,Jacky,Snowdon,jsnowdonmv@indiegogo.com,Female,29.62.228.178,France
825,Claudetta,Colvine,ccolvinemw@google.pl,Female,234.80.27.122,Portugal
826,Teri,Rance,trancemx@nymag.com,Female,41.145.236.196,Germany
827,Berti,Dearsley,bdearsleymy@weibo.com,Male,146.31.72.164,Albania
828,Bidget,Keeney,bkeeneymz@sogou.com,Female,13.130.98.174,Norway
829,Anatollo,Ansley,aansleyn0@pagesperso-orange.fr,Male,6.137.112.27,China
830,Romeo,Dowell,rdowelln1@networkadvertising.org,Male,234.29.203.80,Philippines
831,Delbert,Crosgrove,dcrosgroven2@yale.edu,Male,170.69.85.87,France
832,Rozanna,Life,rlifen3@mashable.com,Female,33.199.193.6,Canada
833,Kassi,Florio,kflorion4@github.io,Genderqueer,245.41.224.68,Czech Republic
834,Talbot,Hazard,thazardn5@auda.org.au,Male,154.7.96.80,Ukraine
835,Clayborn,Lockner,clocknern6@lulu.com,Male,196.41.117.223,South Africa
836,Mario,Foulger,mfoulgern7@posterous.com,Male,214.49.30.28,Indonesia
837,Paige,McGarrie,pmcgarrien8@alibaba.com,Male,136.123.132.6,Yemen
838,Tucky,Saul,tsauln9@guardian.co.uk,Male,172.171.46.125,Canada
839,Tanney,Sirmond,tsirmondna@baidu.com,Male,16.171.211.78,Argentina
840,Mona,Ody,modynb@shutterfly.com,Genderfluid,129.220.128.246,China
841,Kiley,Ubank,kubanknc@cbc.ca,Male,107.117.134.253,Ghana
842,Emlynn,Waddams,ewaddamsnd@nasa.gov,Female,138.131.152.72,Portugal
843,Darbee,Haspineall,dhaspineallne@mapquest.com,Male,236.163.35.16,Indonesia
844,Richard,Eyree,reyreenf@drupal.org,Male,49.197.78.7,Ukraine
845,Doralyn,Mixer,dmixerng@etsy.com,Genderfluid,164.119.218.197,Palestinian Territory
846,Inge,Lundon,ilundonnh@cbc.ca,Female,192.148.240.90,Zambia
847,Yolanda,Cettell,ycettellni@time.com,Female,203.202.250.27,San Marino
848,Terrye,Indge,tindgenj@canalblog.com,Female,183.58.119.52,Indonesia
849,Francyne,Howsden,fhowsdennk@psu.edu,Female,106.28.160.78,China
850,Garrott,Thackray,gthackraynl@state.tx.us,Male,152.67.113.25,Greece
851,Adriana,Jauncey,ajaunceynm@usda.gov,Genderqueer,129.136.36.137,Indonesia
852,Bradan,Godspede,bgodspedenn@army.mil,Male,102.58.242.249,Armenia
853,Homere,Assel,hasselno@ibm.com,Male,4.11.167.252,China
854,Elly,Ince,eincenp@xing.com,Female,38.231.43.197,Paraguay
855,Alexis,Pellissier,apellissiernq@businessweek.com,Male,167.32.49.33,Brazil
856,Fransisco,Tyght,ftyghtnr@soup.io,Male,166.159.9.142,Sweden
857,Burr,Sigg,bsiggns@wp.com,Male,191.237.102.93,Venezuela
858,Drud,Checcucci,dcheccuccint@istockphoto.com,Male,216.208.22.99,Peru
859,Myca,Dunbobin,mdunbobinnu@springer.com,Male,232.10.71.196,Philippines
860,Hyman,Keywood,hkeywoodnv@last.fm,Male,213.95.42.139,Thailand
861,Ware,Blint,wblintnw@google.it,Male,31.27.27.175,Ukraine
862,Chris,Hallbird,challbirdnx@comcast.net,Female,186.135.158.129,Portugal
863,Waring,Warnes,wwarnesny@weibo.com,Male,4.216.245.123,Poland
864,Camila,Wogden,cwogdennz@geocities.com,Female,185.223.227.219,China
865,Owen,Colmer,ocolmero0@tmall.com,Male,151.125.135.1,Russia
866,Karlik,Valance,kvalanceo1@mtv.com,Male,72.128.234.206,Bulgaria
867,Winny,Loveridge,wloveridgeo2@addtoany.com,Male,103.199.100.247,Russia
868,Hewett,Christol,hchristolo3@google.es,Male,23.182.179.59,Zambia
869,Tersina,Tabary,ttabaryo4@mysql.com,Female,229.114.17.77,North Korea
870,Berty,Farbrother,bfarbrothero5@exblog.jp,Male,134.39.150.0,Indonesia
871,Aron,Lys,alyso6@europa.eu,Male,89.56.184.48,Italy
872,Corny,MacKean,cmackeano7@github.io,Female,121.67.211.149,Sweden
873,Imelda,Dankersley,idankersleyo8@ezinearticles.com,Female,169.211.134.87,Greece
874,Erinna,Castrillo,ecastrilloo9@dion.ne.jp,Female,113.159.61.59,Ivory Coast
875,Ange,Billings,abillingsoa@nyu.edu,Female,194.159.128.230,Iran
876,Kalindi,Abrahamson,kabrahamsonob@weather.com,Female,186.150.131.122,France
877,Beverie,Sprigging,bspriggingoc@jalbum.net,Female,63.180.114.139,Russia
878,Anders,Heinish,aheinishod@icq.com,Male,12.175.4.11,Uganda
879,Erny,Corkett,ecorkettoe@tinyurl.com,Male,80.38.131.214,China
880,Angie,Elkins,aelkinsof@intel.com,Male,36.175.81.44,Indonesia
881,Iggy,Gerriets,igerrietsog@samsung.com,Male,179.138.43.150,China
882,Raynard,Shawl,rshawloh@dyndns.org,Male,83.162.2.198,Barbados
883,Raimund,Turfin,rturfinoi@arizona.edu,Male,177.176.95.134,Portugal
884,Cassandre,Belliveau,cbelliveauoj@mapy.cz,Female,40.135.87.125,China
885,Niki,D'Almeida,ndalmeidaok@sitemeter.com,Male,158.79.113.172,Norway
886,Shadow,Noweak,snoweakol@ucsd.edu,Bigender,46.177.26.95,Ecuador
887,Waverly,Androsik,wandrosikom@amazon.co.jp,Male,174.18.224.209,Angola
888,Clive,Oldaker,coldakeron@g.co,Male,153.199.55.228,China
889,Biddie,Mableson,bmablesonoo@privacy.gov.au,Non-binary,247.50.27.133,Indonesia
890,Maggy,Anstice,mansticeop@sourceforge.net,Female,146.192.234.71,North Korea
891,Mallory,Sutherns,msuthernsoq@chronoengine.com,Female,179.106.106.217,Cuba
892,Symon,Meddings,smeddingsor@bandcamp.com,Male,26.146.113.245,Palestinian Territory
893,Randie,Halversen,rhalversenos@gizmodo.com,Female,137.26.133.105,Portugal
894,Eimile,Tenpenny,etenpennyot@feedburner.com,Female,150.228.230.2,United States
895,Ina,Millership,imillershipou@wufoo.com,Female,193.246.11.228,Portugal
896,Aurilia,Morch,amorchov@google.com.br,Female,80.54.126.118,United States
897,Langston,Ilyukhov,lilyukhovow@seattletimes.com,Male,69.74.14.246,China
898,Winslow,Beedon,wbeedonox@bloomberg.com,Male,119.230.247.131,Poland
899,Gussi,Arber,garberoy@blogspot.com,Female,70.202.82.81,China
900,Tatum,Pressdee,tpressdeeoz@earthlink.net,Female,221.239.209.59,Dominican Republic
901,Amelina,Igounet,aigounetp0@ameblo.jp,Female,142.177.134.103,Poland
902,Elwood,Beaver,ebeaverp1@google.ca,Male,186.82.144.142,China
903,Phelia,Eaves,peavesp2@dedecms.com,Female,17.181.36.189,China
904,Jayme,Vahey,jvaheyp3@jalbum.net,Male,79.108.192.165,Macedonia
905,Elsy,Dickenson,edickensonp4@reverbnation.com,Female,75.230.44.5,China
906,Trip,Seivwright,tseivwrightp5@cbslocal.com,Male,173.62.207.51,China
907,Miof mela,Acreman,macremanp6@blogtalkradio.com,Female,22.46.215.67,United States
908,Ransom,Rault,rraultp7@ed.gov,Male,126.44.31.167,Yemen
909,Mordecai,Addington,maddingtonp8@cnbc.com,Male,130.168.208.182,Russia
910,Savina,Kinnear,skinnearp9@marketwatch.com,Female,31.23.10.105,Brazil
911,Claresta,Delaney,cdelaneypa@time.com,Female,214.218.122.229,Brazil
912,Garwin,Vickarman,gvickarmanpb@imageshack.us,Male,103.190.66.29,Indonesia
913,Bord,MacArdle,bmacardlepc@edublogs.org,Male,204.215.20.14,China
914,Vonni,Wallenger,vwallengerpd@house.gov,Female,169.200.128.113,China
915,Dinah,Pentercost,dpentercostpe@boston.com,Female,94.234.218.143,China
916,Rois,Wardlaw,rwardlawpf@google.es,Female,245.58.60.32,Sri Lanka
917,David,Noar,dnoarpg@earthlink.net,Male,25.192.13.48,Indonesia
918,Antonella,Seide,aseideph@chronoengine.com,Polygender,189.124.255.68,Poland
919,Alden,Orsay,aorsaypi@163.com,Male,2.86.212.234,Serbia
920,Clevey,Jostan,cjostanpj@nba.com,Male,118.232.238.73,United States
921,Fletcher,Ledford,fledfordpk@goo.ne.jp,Male,110.229.70.15,Kosovo
922,Cassie,Dooly,cdoolypl@comsenz.com,Male,4.111.110.39,Russia
923,Rayner,Clever,rcleverpm@pagesperso-orange.fr,Male,73.191.11.229,Russia
924,Lauritz,Momford,lmomfordpn@arizona.edu,Male,117.181.91.35,Sweden
925,Cesar,Walklett,cwalklettpo@miitbeian.gov.cn,Male,250.175.72.172,Philippines
926,Shurlocke,Ostick,sostickpp@barnesandnoble.com,Male,29.30.190.202,China
927,Kimberlyn,Penhale,kpenhalepq@businessinsider.com,Genderqueer,89.86.181.78,China
928,Fletcher,Bassano,fbassanopr@a8.net,Genderqueer,177.170.253.196,Greece
929,Levin,Shenfish,lshenfishps@github.com,Male,240.200.146.46,Thailand
930,Orville,Lethby,olethbypt@furl.net,Male,152.216.174.185,United States
931,Tobie,Townley,ttownleypu@blogger.com,Polygender,237.226.219.201,China
932,Annalise,Wattins,awattinspv@arizona.edu,Female,71.137.231.84,China
933,Austin,Gratrix,agratrixpw@webnode.com,Male,121.38.25.0,China
934,Legra,Woolner,lwoolnerpx@nifty.com,Female,120.42.221.202,China
935,Elysia,Trebble,etrebblepy@scribd.com,Genderqueer,27.78.109.44,Indonesia
936,Raffarty,Yapp,ryapppz@deviantart.com,Male,142.221.94.11,Chile
937,Ivor,Crucitti,icrucittiq0@thetimes.co.uk,Male,117.79.77.198,Russia
938,Kerry,Hutson,khutsonq1@liveinternet.ru,Female,141.221.52.72,China
939,Devinne,Blaxill,dblaxillq2@dailymail.co.uk,Female,241.208.151.165,China
940,Mahala,Aynsley,maynsleyq3@eepurl.com,Female,224.24.146.15,France
941,Ulick,Casina,ucasinaq4@unesco.org,Male,234.247.95.175,Philippines
942,Shani,Hawksley,shawksleyq5@elpais.com,Female,89.75.234.115,France
943,Lindy,Rutherford,lrutherfordq6@virginia.edu,Female,251.230.57.249,Indonesia
944,Allin,Washbrook,awashbrookq7@businessinsider.com,Male,231.202.109.37,China
945,Bev,Rosgen,brosgenq8@ftc.gov,Polygender,74.51.49.163,Paraguay
946,Larine,Mountford,lmountfordq9@theglobeandmail.com,Female,35.99.166.214,China
947,Artair,MacConnechie,amacconnechieqa@hhs.gov,Male,88.116.17.124,Portugal
948,Zola,Golding,zgoldingqb@japanpost.jp,Female,80.112.5.34,Bolivia
949,Geri,Climson,gclimsonqc@list-manage.com,Male,174.164.48.165,Indonesia
950,Gennie,McGarrity,gmcgarrityqd@cisco.com,Female,225.151.126.90,Cuba
951,Merv,Budibent,mbudibentqe@npr.org,Bigender,207.18.99.240,Nigeria
952,Berti,Gerry,bgerryqf@live.com,Male,5.238.91.81,Poland
953,Hoebart,Ceccoli,hceccoliqg@51.la,Male,242.172.51.37,Poland
954,Celestia,Bennison,cbennisonqh@mediafire.com,Female,90.157.78.55,Bosnia and Herzegovina
955,Farlay,Warrell,fwarrellqi@phoca.cz,Male,71.117.24.123,China
956,Slade,Outibridge,soutibridgeqj@tinypic.com,Male,119.131.221.122,Philippines
957,Leda,Eshelby,leshelbyqk@webmd.com,Female,58.195.212.207,United States
958,Abbe,Planks,aplanksql@smh.com.au,Male,187.7.203.229,China
959,Willy,Wyness,wwynessqm@engadget.com,Male,235.4.128.49,Indonesia
960,Karlis,Jolliffe,kjolliffeqn@bbc.co.uk,Male,255.82.16.104,Russia
961,Sauveur,Alans,salansqo@mayoclinic.com,Male,101.23.189.95,Burkina Faso
962,Arin,Knappett,aknappettqp@opera.com,Male,121.223.51.97,Venezuela
963,Kristos,Yeats,kyeatsqq@slate.com,Male,250.138.20.233,Peru
964,Karlee,Asplen,kasplenqr@infoseek.co.jp,Female,171.113.39.65,Nicaragua
965,Shaughn,Andrzejczak,sandrzejczakqs@myspace.com,Male,67.145.80.194,Brazil
966,Valeda,Carrington,vcarringtonqt@gov.uk,Female,178.106.217.24,Indonesia
967,Iorgo,Allkins,iallkinsqu@zdnet.com,Male,133.235.79.199,Russia
968,Cyb,Muzzi,cmuzziqv@liveinternet.ru,Female,123.39.206.214,Yemen
969,Barnebas,Beamont,bbeamontqw@edublogs.org,Male,157.14.53.94,Philippines
970,Elisabet,Cavanagh,ecavanaghqx@ftc.gov,Female,109.195.206.128,Indonesia
971,Mervin,Dobie,mdobieqy@opensource.org,Male,123.117.198.172,New Zealand
972,Mitchell,Weekly,mweeklyqz@cargocollective.com,Male,189.202.55.74,Pakistan
973,Jilleen,Lever,jleverr0@google.com.au,Female,166.148.135.121,Philippines
974,Chic,Wain,cwainr1@wordpress.org,Male,70.11.85.228,Lithuania
975,Terri,Dwane,tdwaner2@plala.or.jp,Genderfluid,161.40.83.112,Sweden
976,Edyth,Simoncelli,esimoncellir3@1und1.de,Female,229.84.103.58,Philippines
977,Janel,Skeermer,jskeermerr4@epa.gov,Female,84.140.4.153,Philippines
978,Jessee,Leisk,jleiskr5@github.io,Male,211.176.68.177,Indonesia
979,Jenelle,Wolsey,jwolseyr6@tamu.edu,Female,126.170.143.96,Georgia
980,Seth,Hoggan,shogganr7@ustream.tv,Male,83.201.21.181,Poland
981,Thorsten,Domenico,tdomenicor8@amazon.com,Male,168.28.50.70,France
982,Martainn,Cantero,mcanteror9@icq.com,Male,201.47.128.205,Colombia
983,Adrea,Gaither,agaitherra@flickr.com,Female,30.219.129.106,Portugal
984,Roxanna,Tissier,rtissierrb@feedburner.com,Female,112.161.68.160,China
985,Marlon,de Banke,mdebankerc@engadget.com,Non-binary,201.226.208.220,Philippines
986,Larina,Raynor,lraynorrd@wufoo.com,Female,146.203.31.26,Portugal
987,Melissa,Harsnipe,mharsnipere@clickbank.net,Female,83.82.17.240,Palestinian Territory
988,Francesco,Kings,fkingsrf@deliciousdays.com,Male,33.253.136.72,Democratic Republic of the Congo
989,Rockey,Oki,rokirg@phpbb.com,Male,108.248.173.99,Colombia
990,Bev,Tilt,btiltrh@uiuc.edu,Agender,183.85.188.152,Tajikistan
991,Sylvan,Rosenfrucht,srosenfruchtri@techcrunch.com,Male,9.47.86.72,Indonesia
992,Nero,Dunning,ndunningrj@hubpages.com,Male,213.167.26.122,United States
993,Keely,Romayn,kromaynrk@unicef.org,Female,186.81.147.118,Philippines
994,Madlen,Harrhy,mharrhyrl@desdev.cn,Female,170.90.24.114,Czech Republic
995,Farlay,Dublin,fdublinrm@fastcompany.com,Male,39.239.227.212,Vietnam
996,Rani,Strangeway,rstrangewayrn@nhs.uk,Female,194.16.247.246,China
997,Mace,Strass,mstrassro@goo.gl,Male,86.105.102.178,Poland
998,Archibald,Vondracek,avondracekrp@si.edu,Male,46.83.176.1,China
999,Georgie,Reynoollds,greynoolldsrq@noaa.gov,Male,228.160.82.160,China
1000,Mel,Sebyer,msebyerrr@xrea.com,Male,174.65.18.10,Indonesia
